name,timestamp,value,container,device,endpoint,id,image,instance,job,metrics_path,name,namespace,node,pod,service
container_fs_reads_total,"[1650100101.029, '1']","[1650100131.025, '1']","[1650100161.03, '1']","[1650100191.025, '1']","[1650100221.025, '1']","[1650100251.025, '1']","[1650100281.025, '1']","[1650100311.029, '1']","[1650100341.03, '1']","[1650100371.033, '1']","[1650100401.025, '1']","[1650100431.031, '1']","[1650100461.031, '1']","[1650100491.025, '1']","[1650100521.031, '1']","[1650100551.025, '1']","[1650100581.031, '1']","[1650100611.025, '1']","[1650100641.025, '1']","[1650100671.025, '1']","[1650100701.025, '1']","[1650100731.025, '1']","[1650100761.025, '3']","[1650100791.03, '3']",api,/dev/sda,https-metrics,/kubepods/pod3f2169ad-973f-492a-aa55-343b29606a4f/9d9368ac7d9df6b56695676ddfef51650e3e19ad7fd3cd5ba559e62e44ea5810,sha256:ebb08b8ebffa26a12a3883deabef235988e4693c47afe1ad8619d596245f2ecc,10.1.0.32:10250,kubelet,/metrics/cadvisor,9d9368ac7d9df6b56695676ddfef51650e3e19ad7fd3cd5ba559e62e44ea5810,default,fv-az213-807,api-54b9c66577-rb5zf,kubelet
container_fs_reads_total,"[1650099711.025, '3']","[1650099741.025, '3']",api,/dev/sda,https-metrics,/kubepods/pod6954e30b-e242-468a-a3a2-068ac64e45ae/90848f52bd2f1df8e2f80795cc04117db7c54cbdc913e59acc4af1a270be421e,sha256:ebb08b8ebffa26a12a3883deabef235988e4693c47afe1ad8619d596245f2ecc,10.1.0.32:10250,kubelet,/metrics/cadvisor,90848f52bd2f1df8e2f80795cc04117db7c54cbdc913e59acc4af1a270be421e,default,fv-az213-807,api-54b9c66577-g7x5p,kubelet
container_fs_reads_total,"[1650099081.025, '4']","[1650099111.028, '5']","[1650099141.025, '5']","[1650099171.025, '5']","[1650099201.029, '5']","[1650099231.03, '5']","[1650099261.025, '5']","[1650099291.025, '5']","[1650099321.025, '5']","[1650099351.025, '5']","[1650099381.025, '5']","[1650099411.025, '5']","[1650099441.025, '5']","[1650099471.029, '5']","[1650099501.029, '5']","[1650099531.025, '5']","[1650099561.025, '5']","[1650099591.03, '5']","[1650099621.025, '5']","[1650099651.025, '5']","[1650099681.028, '5']","[1650099711.025, '5']","[1650099741.025, '5']","[1650099771.025, '5']","[1650099801.025, '5']","[1650099831.028, '5']","[1650099861.028, '5']","[1650099891.028, '5']","[1650099921.025, '5']","[1650099951.028, '5']","[1650099981.028, '5']","[1650100011.025, '5']","[1650100041.031, '5']","[1650100071.025, '5']","[1650100101.029, '5']","[1650100131.025, '5']","[1650100161.03, '5']","[1650100191.025, '5']","[1650100221.025, '5']","[1650100251.025, '5']","[1650100281.025, '5']","[1650100311.029, '5']","[1650100341.03, '5']","[1650100371.033, '5']","[1650100401.025, '5']","[1650100431.031, '5']","[1650100461.031, '5']","[1650100491.025, '5']","[1650100521.031, '5']","[1650100551.025, '5']","[1650100581.031, '5']","[1650100611.025, '5']","[1650100641.025, '5']","[1650100671.025, '5']","[1650100701.025, '5']","[1650100731.025, '5']","[1650100761.025, '5']","[1650100791.03, '17']",api,/dev/sda,https-metrics,/kubepods/pod9763f076-75e7-4feb-bee6-92a524011870/4a6d539a9104f3a153cb4f6fc3e31e3c1ea72b95312c714dc3514dae0e264473,sha256:ebb08b8ebffa26a12a3883deabef235988e4693c47afe1ad8619d596245f2ecc,10.1.0.32:10250,kubelet,/metrics/cadvisor,4a6d539a9104f3a153cb4f6fc3e31e3c1ea72b95312c714dc3514dae0e264473,default,fv-az213-807,api-54b9c66577-mcksd,kubelet
container_fs_reads_total,"[1650099951.028, '3']","[1650099981.028, '3']","[1650100011.025, '3']",api,/dev/sda,https-metrics,/kubepods/podf1ced3b4-8e1b-4f70-9934-f3820a98c7f3/5212dc55b27cd48977652322412113980f86388adce9d6e0a70713f4e7dfedde,sha256:ebb08b8ebffa26a12a3883deabef235988e4693c47afe1ad8619d596245f2ecc,10.1.0.32:10250,kubelet,/metrics/cadvisor,5212dc55b27cd48977652322412113980f86388adce9d6e0a70713f4e7dfedde,default,fv-az213-807,api-54b9c66577-d7hpk,kubelet
container_fs_reads_total,"[1650100791.03, '9']",api,/dev/sda,https-metrics,/kubepods/podf37c8d6f-9c9c-4e04-962a-7d6a905f43f5/58e1a3d7e77a540345a7ff1c583b49d11f8bc117de3062d0068cdb71e8685d7b,sha256:ebb08b8ebffa26a12a3883deabef235988e4693c47afe1ad8619d596245f2ecc,10.1.0.32:10250,kubelet,/metrics/cadvisor,58e1a3d7e77a540345a7ff1c583b49d11f8bc117de3062d0068cdb71e8685d7b,default,fv-az213-807,api-54b9c66577-9x5r2,kubelet
container_fs_reads_total,"[1650100731.025, '4']","[1650100761.025, '4']","[1650100791.03, '14']",api,/dev/sda,https-metrics,/kubepods/podf884d8ae-cf4b-44f8-af88-633ff70b6821/ac476f226416d9fbdcccdc54c4d32f8d139fdbd11348a4ec888408e7f31863d3,sha256:ebb08b8ebffa26a12a3883deabef235988e4693c47afe1ad8619d596245f2ecc,10.1.0.32:10250,kubelet,/metrics/cadvisor,ac476f226416d9fbdcccdc54c4d32f8d139fdbd11348a4ec888408e7f31863d3,default,fv-az213-807,api-54b9c66577-c25pq,kubelet
container_fs_reads_total,"[1650099081.025, '100']","[1650099111.028, '100']","[1650099141.025, '100']","[1650099171.025, '100']","[1650099201.029, '100']","[1650099231.03, '100']","[1650099261.025, '100']","[1650099291.025, '100']","[1650099321.025, '100']","[1650099351.025, '100']","[1650099381.025, '100']","[1650099411.025, '100']","[1650099441.025, '100']","[1650099471.029, '100']","[1650099501.029, '100']","[1650099531.025, '100']","[1650099561.025, '100']","[1650099591.03, '100']","[1650099621.025, '100']","[1650099651.025, '100']","[1650099681.028, '100']","[1650099711.025, '100']","[1650099741.025, '100']","[1650099771.025, '100']","[1650099801.025, '100']","[1650099831.028, '100']","[1650099861.028, '100']","[1650099891.028, '100']","[1650099921.025, '100']","[1650099951.028, '100']","[1650099981.028, '100']","[1650100011.025, '100']","[1650100041.031, '100']","[1650100071.025, '100']","[1650100101.029, '100']","[1650100131.025, '100']","[1650100161.03, '100']","[1650100191.025, '100']","[1650100221.025, '100']","[1650100251.025, '100']","[1650100281.025, '100']","[1650100311.029, '100']","[1650100341.03, '100']","[1650100371.033, '100']","[1650100401.025, '100']","[1650100431.031, '100']","[1650100461.031, '100']","[1650100491.025, '100']","[1650100521.031, '100']","[1650100551.025, '100']","[1650100581.031, '100']","[1650100611.025, '100']","[1650100641.025, '100']","[1650100671.025, '100']","[1650100701.025, '100']",api,/dev/sda,https-metrics,/kubepods/podf884d8ae-cf4b-44f8-af88-633ff70b6821/f21c8e39702145949b0da72b62592d89f987ac4b2a69ac9993ea1fc764375889,sha256:ebb08b8ebffa26a12a3883deabef235988e4693c47afe1ad8619d596245f2ecc,10.1.0.32:10250,kubelet,/metrics/cadvisor,f21c8e39702145949b0da72b62592d89f987ac4b2a69ac9993ea1fc764375889,default,fv-az213-807,api-54b9c66577-c25pq,kubelet
container_fs_reads_total,"[1650099081.025, '20']","[1650099111.028, '20']","[1650099141.025, '20']","[1650099171.025, '20']","[1650099201.029, '60']","[1650099231.03, '60']","[1650099261.025, '60']","[1650099291.025, '80']","[1650099321.025, '80']","[1650099351.025, '80']","[1650099381.025, '80']","[1650099411.025, '82']","[1650099441.025, '82']","[1650099471.029, '82']","[1650099501.029, '91']","[1650099531.025, '99']","[1650099561.025, '99']","[1650099591.03, '102']","[1650099621.025, '108']","[1650099651.025, '108']","[1650099681.028, '118']","[1650099711.025, '118']","[1650099741.025, '118']","[1650099771.025, '120']","[1650099801.025, '120']","[1650099831.028, '120']","[1650099861.028, '120']","[1650099891.028, '120']","[1650099921.025, '120']","[1650099951.028, '120']","[1650099981.028, '120']","[1650100011.025, '120']","[1650100041.031, '120']","[1650100071.025, '123']","[1650100101.029, '123']","[1650100131.025, '125']","[1650100161.03, '125']","[1650100191.025, '125']","[1650100221.025, '125']","[1650100251.025, '125']","[1650100281.025, '125']","[1650100311.029, '125']","[1650100341.03, '125']","[1650100371.033, '125']","[1650100401.025, '125']","[1650100431.031, '125']","[1650100461.031, '125']","[1650100491.025, '125']","[1650100521.031, '131']","[1650100551.025, '131']","[1650100581.031, '131']","[1650100611.025, '131']","[1650100641.025, '133']","[1650100671.025, '133']","[1650100701.025, '188']","[1650100731.025, '188']","[1650100761.025, '188']","[1650100791.03, '188']",calico-kube-controllers,/dev/sda,https-metrics,/kubepods/besteffort/pod336c7410-37d8-4579-893a-ba2b5d593d1d/60a6e833e93e9ec5e1601a220d693f63621a987c3fadc91c9e18fb00bb2a5be1,docker.io/calico/kube-controllers:v3.20.4,10.1.0.32:10250,kubelet,/metrics/cadvisor,60a6e833e93e9ec5e1601a220d693f63621a987c3fadc91c9e18fb00bb2a5be1,kube-system,fv-az213-807,calico-kube-controllers-654b987fd9-ksrpf,kubelet
container_fs_reads_total,"[1650099081.025, '71']","[1650099111.028, '75']","[1650099141.025, '76']","[1650099171.025, '80']","[1650099201.029, '87']","[1650099231.03, '88']","[1650099261.025, '89']","[1650099291.025, '89']","[1650099321.025, '90']","[1650099351.025, '91']","[1650099381.025, '91']","[1650099411.025, '92']","[1650099441.025, '95']","[1650099471.029, '95']","[1650099501.029, '95']","[1650099531.025, '95']","[1650099561.025, '96']","[1650099591.03, '96']","[1650099621.025, '96']","[1650099651.025, '97']","[1650099681.028, '97']","[1650099711.025, '98']","[1650099741.025, '98']","[1650099771.025, '98']","[1650099801.025, '98']","[1650099831.028, '98']","[1650099861.028, '98']","[1650099891.028, '99']","[1650099921.025, '99']","[1650099951.028, '101']","[1650099981.028, '101']","[1650100011.025, '101']","[1650100041.031, '103']","[1650100071.025, '103']","[1650100101.029, '103']","[1650100131.025, '103']","[1650100161.03, '103']","[1650100191.025, '103']","[1650100221.025, '103']","[1650100251.025, '103']","[1650100281.025, '103']","[1650100311.029, '103']","[1650100341.03, '103']","[1650100371.033, '103']","[1650100401.025, '103']","[1650100431.031, '103']","[1650100461.031, '103']","[1650100491.025, '103']","[1650100521.031, '103']","[1650100551.025, '104']","[1650100581.031, '104']","[1650100611.025, '104']","[1650100641.025, '104']","[1650100671.025, '105']","[1650100701.025, '105']","[1650100731.025, '106']","[1650100761.025, '106']","[1650100791.03, '106']",calico-node,/dev/sda,https-metrics,/kubepods/burstable/poda76685f2-28a9-4c41-8e75-4212f7418eaf/dc41b0abba9aad9302bc66a2b6f4ec9f68cfd218fbef42df5a5044594d6bd93f,docker.io/calico/node:v3.20.4,10.1.0.32:10250,kubelet,/metrics/cadvisor,dc41b0abba9aad9302bc66a2b6f4ec9f68cfd218fbef42df5a5044594d6bd93f,kube-system,fv-az213-807,calico-node-z2z6z,kubelet
container_fs_reads_total,"[1650099081.025, '26']","[1650099111.028, '26']","[1650099141.025, '26']","[1650099171.025, '26']","[1650099201.029, '26']","[1650099231.03, '34']","[1650099261.025, '101']","[1650099291.025, '101']","[1650099321.025, '147']","[1650099351.025, '157']","[1650099381.025, '165']","[1650099411.025, '165']","[1650099441.025, '165']","[1650099471.029, '169']","[1650099501.029, '169']","[1650099531.025, '169']","[1650099561.025, '169']","[1650099591.03, '169']","[1650099621.025, '169']","[1650099651.025, '169']","[1650099681.028, '169']","[1650099711.025, '169']","[1650099741.025, '169']","[1650099771.025, '169']","[1650099801.025, '169']","[1650099831.028, '169']","[1650099861.028, '169']","[1650099891.028, '169']","[1650099921.025, '169']","[1650099951.028, '169']","[1650099981.028, '172']","[1650100011.025, '172']","[1650100041.031, '172']","[1650100071.025, '172']","[1650100101.029, '172']","[1650100131.025, '172']","[1650100161.03, '172']","[1650100191.025, '172']","[1650100221.025, '172']","[1650100251.025, '172']","[1650100281.025, '172']","[1650100311.029, '172']","[1650100341.03, '172']","[1650100371.033, '172']","[1650100401.025, '172']","[1650100431.031, '172']","[1650100461.031, '176']","[1650100491.025, '176']","[1650100521.031, '176']","[1650100551.025, '176']","[1650100581.031, '176']","[1650100611.025, '176']","[1650100641.025, '176']","[1650100671.025, '176']","[1650100701.025, '176']","[1650100731.025, '176']","[1650100761.025, '176']","[1650100791.03, '176']",calico-node,/dev/sdb,https-metrics,/kubepods/burstable/poda76685f2-28a9-4c41-8e75-4212f7418eaf/dc41b0abba9aad9302bc66a2b6f4ec9f68cfd218fbef42df5a5044594d6bd93f,docker.io/calico/node:v3.20.4,10.1.0.32:10250,kubelet,/metrics/cadvisor,dc41b0abba9aad9302bc66a2b6f4ec9f68cfd218fbef42df5a5044594d6bd93f,kube-system,fv-az213-807,calico-node-z2z6z,kubelet
container_fs_reads_total,"[1650099081.025, '0']","[1650099111.028, '0']","[1650099141.025, '0']","[1650099171.025, '0']","[1650099201.029, '0']","[1650099231.03, '0']","[1650099261.025, '0']","[1650099291.025, '0']","[1650099321.025, '0']","[1650099351.025, '0']","[1650099381.025, '0']","[1650099411.025, '0']","[1650099441.025, '0']","[1650099471.029, '0']","[1650099501.029, '0']","[1650099531.025, '0']","[1650099561.025, '0']","[1650099591.03, '0']","[1650099621.025, '0']","[1650099651.025, '0']","[1650099681.028, '0']","[1650099711.025, '0']","[1650099741.025, '0']","[1650099771.025, '0']","[1650099801.025, '0']","[1650099831.028, '0']","[1650099861.028, '0']","[1650099891.028, '0']","[1650099921.025, '0']","[1650099951.028, '0']","[1650099981.028, '0']","[1650100011.025, '0']","[1650100041.031, '0']","[1650100071.025, '0']","[1650100101.029, '0']","[1650100131.025, '0']","[1650100161.03, '0']","[1650100191.025, '0']","[1650100221.025, '0']","[1650100251.025, '0']","[1650100281.025, '0']","[1650100311.029, '0']","[1650100341.03, '0']","[1650100371.033, '0']","[1650100401.025, '0']","[1650100431.031, '0']","[1650100461.031, '0']","[1650100491.025, '0']","[1650100521.031, '0']","[1650100551.025, '0']","[1650100581.031, '0']","[1650100611.025, '0']","[1650100641.025, '0']","[1650100671.025, '0']","[1650100701.025, '0']","[1650100731.025, '0']","[1650100761.025, '0']","[1650100791.03, '0']",config-reloader,/dev/sda,https-metrics,/kubepods/burstable/pod17bc6efe-4f2c-4679-a62f-102ef9c334a8/06071a4a0f11d175895a11b3a846c0907a8efc7d16a52bd5e1f6aa8541a1f24d,sha256:ae8e4c9feb781fd0a4c599e69ee357ff1dabca943f968bef7147712c42426105,10.1.0.32:10250,kubelet,/metrics/cadvisor,06071a4a0f11d175895a11b3a846c0907a8efc7d16a52bd5e1f6aa8541a1f24d,monitoring,fv-az213-807,prometheus-k8s-1,kubelet
container_fs_reads_total,"[1650099081.025, '0']","[1650099111.028, '0']","[1650099141.025, '0']","[1650099171.025, '0']","[1650099201.029, '0']","[1650099231.03, '0']","[1650099261.025, '0']","[1650099291.025, '0']","[1650099321.025, '0']","[1650099351.025, '0']","[1650099381.025, '0']","[1650099411.025, '0']","[1650099441.025, '0']","[1650099471.029, '0']","[1650099501.029, '0']","[1650099531.025, '0']","[1650099561.025, '0']","[1650099591.03, '0']","[1650099621.025, '0']","[1650099651.025, '0']","[1650099681.028, '0']","[1650099711.025, '0']","[1650099741.025, '0']","[1650099771.025, '0']","[1650099801.025, '0']","[1650099831.028, '0']","[1650099861.028, '0']","[1650099891.028, '0']","[1650099921.025, '0']","[1650099951.028, '0']","[1650099981.028, '0']","[1650100011.025, '0']","[1650100041.031, '0']","[1650100071.025, '0']","[1650100101.029, '0']","[1650100131.025, '0']","[1650100161.03, '0']","[1650100191.025, '0']","[1650100221.025, '0']","[1650100251.025, '0']","[1650100281.025, '0']","[1650100311.029, '0']","[1650100341.03, '0']","[1650100371.033, '0']","[1650100401.025, '0']","[1650100431.031, '0']","[1650100461.031, '0']","[1650100491.025, '0']","[1650100521.031, '0']","[1650100551.025, '0']","[1650100581.031, '0']","[1650100611.025, '0']","[1650100641.025, '0']","[1650100671.025, '0']","[1650100701.025, '0']","[1650100731.025, '0']","[1650100761.025, '0']","[1650100791.03, '0']",config-reloader,/dev/sda,https-metrics,/kubepods/burstable/pod1b7f08ac-3c33-4227-bace-ba59dff1dc3e/21e21af6ec1bbaa377704c78f665cab1b5a25ebb92dad70b4c00fb74ce8543f6,sha256:ae8e4c9feb781fd0a4c599e69ee357ff1dabca943f968bef7147712c42426105,10.1.0.32:10250,kubelet,/metrics/cadvisor,21e21af6ec1bbaa377704c78f665cab1b5a25ebb92dad70b4c00fb74ce8543f6,monitoring,fv-az213-807,prometheus-service-prometheus-0,kubelet
container_fs_reads_total,"[1650099081.025, '0']","[1650099111.028, '0']","[1650099141.025, '0']","[1650099171.025, '0']","[1650099201.029, '0']","[1650099231.03, '0']","[1650099261.025, '0']","[1650099291.025, '0']","[1650099321.025, '0']","[1650099351.025, '0']","[1650099381.025, '0']","[1650099411.025, '0']","[1650099441.025, '0']","[1650099471.029, '0']","[1650099501.029, '0']","[1650099531.025, '0']","[1650099561.025, '0']","[1650099591.03, '0']","[1650099621.025, '0']","[1650099651.025, '0']","[1650099681.028, '0']","[1650099711.025, '0']","[1650099741.025, '0']","[1650099771.025, '0']","[1650099801.025, '0']","[1650099831.028, '0']","[1650099861.028, '0']","[1650099891.028, '0']","[1650099921.025, '0']","[1650099951.028, '0']","[1650099981.028, '0']","[1650100011.025, '0']","[1650100041.031, '0']","[1650100071.025, '0']","[1650100101.029, '0']","[1650100131.025, '0']","[1650100161.03, '0']","[1650100191.025, '0']","[1650100221.025, '0']","[1650100251.025, '0']","[1650100281.025, '0']","[1650100311.029, '0']","[1650100341.03, '0']","[1650100371.033, '0']","[1650100401.025, '0']","[1650100431.031, '0']","[1650100461.031, '0']","[1650100491.025, '0']","[1650100521.031, '0']","[1650100551.025, '0']","[1650100581.031, '0']","[1650100611.025, '0']","[1650100641.025, '0']","[1650100671.025, '0']","[1650100701.025, '0']","[1650100731.025, '0']","[1650100761.025, '0']","[1650100791.03, '0']",config-reloader,/dev/sda,https-metrics,/kubepods/burstable/pod7b6a3433-b27f-4370-94f0-ce1ba1fdbd75/0caa8ced6ef900c6975a98abb36a67d1a6e0bf9498803a32de51ec462b5b27e2,sha256:ae8e4c9feb781fd0a4c599e69ee357ff1dabca943f968bef7147712c42426105,10.1.0.32:10250,kubelet,/metrics/cadvisor,0caa8ced6ef900c6975a98abb36a67d1a6e0bf9498803a32de51ec462b5b27e2,monitoring,fv-az213-807,prometheus-service-prometheus-1,kubelet
container_fs_reads_total,"[1650099081.025, '0']","[1650099111.028, '0']","[1650099141.025, '0']","[1650099171.025, '0']","[1650099201.029, '0']","[1650099231.03, '0']","[1650099261.025, '0']","[1650099291.025, '0']","[1650099321.025, '0']","[1650099351.025, '0']","[1650099381.025, '0']","[1650099411.025, '0']","[1650099441.025, '0']","[1650099471.029, '0']","[1650099501.029, '0']","[1650099531.025, '0']","[1650099561.025, '0']","[1650099591.03, '0']","[1650099621.025, '0']","[1650099651.025, '0']","[1650099681.028, '0']","[1650099711.025, '0']","[1650099741.025, '0']","[1650099771.025, '0']","[1650099801.025, '0']","[1650099831.028, '0']","[1650099861.028, '0']","[1650099891.028, '0']","[1650099921.025, '0']","[1650099951.028, '0']","[1650099981.028, '0']","[1650100011.025, '0']","[1650100041.031, '0']","[1650100071.025, '0']","[1650100101.029, '0']","[1650100131.025, '0']","[1650100161.03, '0']","[1650100191.025, '0']","[1650100221.025, '0']","[1650100251.025, '0']","[1650100281.025, '0']","[1650100311.029, '0']","[1650100341.03, '0']","[1650100371.033, '0']","[1650100401.025, '0']","[1650100431.031, '0']","[1650100461.031, '0']","[1650100491.025, '0']","[1650100521.031, '0']","[1650100551.025, '0']","[1650100581.031, '0']","[1650100611.025, '0']","[1650100641.025, '0']","[1650100671.025, '0']","[1650100701.025, '0']","[1650100731.025, '0']","[1650100761.025, '0']","[1650100791.03, '0']",config-reloader,/dev/sda,https-metrics,/kubepods/burstable/podda9fd906-53e9-4e40-9beb-5ced2f88af46/c7176b079825b6a2c71cbd0a1461631fa368c36229a9eb4317aebcb18d137a1f,sha256:ae8e4c9feb781fd0a4c599e69ee357ff1dabca943f968bef7147712c42426105,10.1.0.32:10250,kubelet,/metrics/cadvisor,c7176b079825b6a2c71cbd0a1461631fa368c36229a9eb4317aebcb18d137a1f,monitoring,fv-az213-807,prometheus-k8s-0,kubelet
container_fs_reads_total,"[1650099081.025, '359']","[1650099111.028, '359']","[1650099141.025, '361']","[1650099171.025, '361']","[1650099201.029, '361']","[1650099231.03, '361']","[1650099261.025, '361']","[1650099291.025, '361']","[1650099321.025, '362']","[1650099351.025, '362']","[1650099381.025, '364']","[1650099411.025, '364']","[1650099441.025, '365']","[1650099471.029, '365']","[1650099501.029, '365']","[1650099531.025, '365']","[1650099561.025, '365']","[1650099591.03, '365']","[1650099621.025, '365']","[1650099651.025, '365']","[1650099681.028, '365']","[1650099711.025, '365']","[1650099741.025, '365']","[1650099771.025, '365']","[1650099801.025, '365']","[1650099831.028, '365']","[1650099861.028, '365']","[1650099891.028, '365']","[1650099921.025, '365']","[1650099951.028, '365']","[1650099981.028, '365']","[1650100011.025, '365']","[1650100041.031, '365']","[1650100071.025, '365']","[1650100101.029, '365']","[1650100131.025, '365']","[1650100161.03, '365']","[1650100191.025, '365']","[1650100221.025, '365']","[1650100251.025, '365']","[1650100281.025, '365']","[1650100311.029, '365']","[1650100341.03, '365']","[1650100371.033, '365']","[1650100401.025, '365']","[1650100431.031, '365']","[1650100461.031, '365']","[1650100491.025, '365']","[1650100521.031, '365']","[1650100551.025, '365']","[1650100581.031, '365']","[1650100611.025, '365']","[1650100641.025, '365']","[1650100671.025, '365']","[1650100701.025, '365']","[1650100731.025, '365']","[1650100761.025, '365']","[1650100791.03, '365']",coredns,/dev/sda,https-metrics,/kubepods/burstable/pod87f6e857-9ca3-444f-ace3-171d065f81fe/61f6b7da10c3b3e104040f1ec5b37ceb68b3b2ff24e94c20e54086df9750fab2,docker.io/rancher/mirrored-coredns-coredns@sha256:35e38f3165a19cb18c65d83334c13d61db6b24905f45640aa8c2d2a6f55ebcb0,10.1.0.32:10250,kubelet,/metrics/cadvisor,61f6b7da10c3b3e104040f1ec5b37ceb68b3b2ff24e94c20e54086df9750fab2,kube-system,fv-az213-807,coredns-574bcc6c46-7vx75,kubelet
container_fs_reads_total,"[1650099081.025, '0']","[1650099111.028, '0']","[1650099141.025, '0']","[1650099171.025, '0']","[1650099201.029, '0']","[1650099231.03, '0']","[1650099261.025, '0']","[1650099291.025, '0']","[1650099321.025, '0']","[1650099351.025, '0']","[1650099381.025, '0']","[1650099411.025, '0']","[1650099441.025, '0']","[1650099471.029, '0']","[1650099501.029, '0']","[1650099531.025, '0']","[1650099561.025, '0']","[1650099591.03, '0']","[1650099621.025, '0']","[1650099651.025, '0']","[1650099681.028, '2']","[1650099711.025, '2']","[1650099741.025, '2']","[1650099771.025, '2']","[1650099801.025, '2']","[1650099831.028, '2']","[1650099861.028, '2']","[1650099891.028, '2']","[1650099921.025, '2']","[1650099951.028, '2']","[1650099981.028, '2']","[1650100011.025, '2']","[1650100041.031, '2']","[1650100071.025, '2']","[1650100101.029, '2']","[1650100131.025, '2']","[1650100161.03, '2']","[1650100191.025, '2']","[1650100221.025, '2']","[1650100251.025, '2']","[1650100281.025, '2']","[1650100311.029, '2']","[1650100341.03, '2']","[1650100371.033, '2']","[1650100401.025, '2']","[1650100431.031, '2']","[1650100461.031, '2']","[1650100491.025, '2']","[1650100521.031, '2']","[1650100551.025, '2']","[1650100581.031, '2']","[1650100611.025, '2']","[1650100641.025, '2']","[1650100671.025, '2']","[1650100701.025, '2']","[1650100731.025, '2']","[1650100761.025, '2']","[1650100791.03, '2']",grafana,/dev/sda,https-metrics,/kubepods/burstable/podbac0f3c0-ff55-413f-acec-d62aee433720/392be047bd7a010f922a758b462badc52f9893e83b9dd4b7e06aa4687ffc75d9,docker.io/grafana/grafana@sha256:c328587322a83c38384cb3799387c3eb3c5b96d31ca5579439400694868f5007,10.1.0.32:10250,kubelet,/metrics/cadvisor,392be047bd7a010f922a758b462badc52f9893e83b9dd4b7e06aa4687ffc75d9,monitoring,fv-az213-807,grafana-7476b4c65b-bkvl2,kubelet
container_fs_reads_total,"[1650099111.028, '26']","[1650099141.025, '26']","[1650099171.025, '26']","[1650099201.029, '26']","[1650099231.03, '27']","[1650099261.025, '27']","[1650099291.025, '27']","[1650099321.025, '27']","[1650099351.025, '27']","[1650099381.025, '27']","[1650099411.025, '27']","[1650099441.025, '27']","[1650099471.029, '27']","[1650099501.029, '27']","[1650099531.025, '27']","[1650099561.025, '27']","[1650099591.03, '27']","[1650099621.025, '27']","[1650099651.025, '27']","[1650099681.028, '27']","[1650099711.025, '27']","[1650099741.025, '27']","[1650099771.025, '27']","[1650099801.025, '27']","[1650099831.028, '27']","[1650099861.028, '27']","[1650099891.028, '27']","[1650099921.025, '27']","[1650099951.028, '27']","[1650099981.028, '27']","[1650100011.025, '27']","[1650100041.031, '27']","[1650100071.025, '27']","[1650100101.029, '27']","[1650100131.025, '27']","[1650100161.03, '27']","[1650100191.025, '27']","[1650100221.025, '27']","[1650100251.025, '27']","[1650100281.025, '27']","[1650100311.029, '27']","[1650100341.03, '27']","[1650100371.033, '27']","[1650100401.025, '27']","[1650100431.031, '27']","[1650100461.031, '27']","[1650100491.025, '27']","[1650100521.031, '27']","[1650100551.025, '27']","[1650100581.031, '27']","[1650100611.025, '27']","[1650100641.025, '27']","[1650100671.025, '27']","[1650100701.025, '27']","[1650100731.025, '27']","[1650100761.025, '27']","[1650100791.03, '27']",k6,/dev/sda,https-metrics,/kubepods/besteffort/podba56cfbb-428f-47de-a091-93f66ffe2acd/9c273196d0f233a06addfcd32e6231f6e6466a8ffa7526711dd59302d08ef063,sha256:2c6360fd6737949d89aee190a560a47b54b3186c56d69e24107b15a051fe5535,10.1.0.32:10250,kubelet,/metrics/cadvisor,9c273196d0f233a06addfcd32e6231f6e6466a8ffa7526711dd59302d08ef063,default,fv-az213-807,k6,kubelet
container_fs_reads_total,"[1650099081.025, '49']","[1650099111.028, '54']","[1650099141.025, '54']","[1650099171.025, '54']","[1650099201.029, '54']","[1650099231.03, '125']","[1650099261.025, '125']","[1650099291.025, '127']","[1650099321.025, '127']","[1650099351.025, '127']","[1650099381.025, '127']","[1650099411.025, '127']","[1650099441.025, '127']","[1650099471.029, '127']","[1650099501.029, '127']","[1650099531.025, '127']","[1650099561.025, '127']","[1650099591.03, '127']","[1650099621.025, '127']","[1650099651.025, '127']","[1650099681.028, '127']","[1650099711.025, '127']","[1650099741.025, '127']","[1650099771.025, '127']","[1650099801.025, '127']","[1650099831.028, '127']","[1650099861.028, '127']","[1650099891.028, '127']","[1650099921.025, '127']","[1650099951.028, '127']","[1650099981.028, '127']","[1650100011.025, '127']","[1650100041.031, '127']","[1650100071.025, '127']","[1650100101.029, '127']","[1650100131.025, '127']","[1650100161.03, '127']","[1650100191.025, '127']","[1650100221.025, '127']","[1650100251.025, '127']","[1650100281.025, '127']","[1650100311.029, '127']","[1650100341.03, '127']","[1650100371.033, '127']","[1650100401.025, '127']","[1650100431.031, '127']","[1650100461.031, '127']","[1650100491.025, '127']","[1650100521.031, '127']","[1650100551.025, '127']","[1650100581.031, '127']","[1650100611.025, '127']","[1650100641.025, '127']","[1650100671.025, '127']","[1650100701.025, '127']","[1650100731.025, '127']","[1650100761.025, '127']","[1650100791.03, '127']",local-path-provisioner,/dev/sda,https-metrics,/kubepods/besteffort/pod0136fee0-8516-4034-8f8a-a4774d14acd7/a85ee53a1aed5e795318c5d3ec47cb8a9df251a57760565176250a940e7bef63,docker.io/rancher/local-path-provisioner:v0.0.21,10.1.0.32:10250,kubelet,/metrics/cadvisor,a85ee53a1aed5e795318c5d3ec47cb8a9df251a57760565176250a940e7bef63,kube-system,fv-az213-807,local-path-provisioner-84bb864455-lnlvq,kubelet
container_fs_reads_total,"[1650099111.028, '1654']","[1650099141.025, '1654']","[1650099171.025, '1654']","[1650099201.029, '1654']","[1650099231.03, '1654']","[1650099261.025, '1654']","[1650099291.025, '1654']","[1650099321.025, '1654']","[1650099351.025, '1654']","[1650099381.025, '1654']","[1650099411.025, '1654']","[1650099441.025, '1654']","[1650099471.029, '1654']","[1650099501.029, '1654']","[1650099531.025, '1654']","[1650099561.025, '1654']","[1650099591.03, '1654']","[1650099621.025, '1654']","[1650099651.025, '1654']","[1650099681.028, '1654']","[1650099711.025, '1654']","[1650099741.025, '1654']","[1650099771.025, '1654']","[1650099801.025, '1654']","[1650099831.028, '1654']","[1650099861.028, '1654']","[1650099891.028, '1654']","[1650099921.025, '1654']","[1650099951.028, '1654']","[1650099981.028, '1654']","[1650100011.025, '1654']","[1650100041.031, '1654']","[1650100071.025, '1654']","[1650100101.029, '1654']","[1650100131.025, '1654']","[1650100161.03, '1654']","[1650100191.025, '1654']","[1650100221.025, '1654']","[1650100251.025, '1654']","[1650100281.025, '1654']","[1650100311.029, '1654']","[1650100341.03, '1654']","[1650100371.033, '1654']","[1650100401.025, '1654']","[1650100431.031, '1654']","[1650100461.031, '1654']","[1650100491.025, '1654']","[1650100521.031, '1654']","[1650100551.025, '1654']","[1650100581.031, '1654']","[1650100611.025, '1654']","[1650100641.025, '1654']","[1650100671.025, '1654']","[1650100701.025, '1654']","[1650100731.025, '1654']","[1650100761.025, '1654']","[1650100791.03, '1654']",node-exporter,/dev/sda,https-metrics,/kubepods/burstable/pod9a41da16-dcbc-48e5-bfe5-9882d100bcd3/a954b70bb2b1214b3a9b69e3926ffab7c4d7c4add57eebf0baf4b1e021ad63c8,quay.io/prometheus/node-exporter:v1.2.2,10.1.0.32:10250,kubelet,/metrics/cadvisor,a954b70bb2b1214b3a9b69e3926ffab7c4d7c4add57eebf0baf4b1e021ad63c8,monitoring,fv-az213-807,node-exporter-nd5q7,kubelet
container_fs_reads_total,"[1650099081.025, '1']","[1650099111.028, '1']","[1650099141.025, '1']","[1650099171.025, '1']","[1650099201.029, '1']","[1650099231.03, '1']","[1650099261.025, '1']","[1650099291.025, '1']","[1650099321.025, '1']","[1650099351.025, '1']","[1650099381.025, '1']","[1650099411.025, '1']","[1650099441.025, '1']","[1650099471.029, '1']","[1650099501.029, '1']","[1650099531.025, '1']","[1650099561.025, '1']","[1650099591.03, '1']","[1650099621.025, '1']","[1650099651.025, '1']","[1650099681.028, '1']","[1650099711.025, '1']","[1650099741.025, '1']","[1650099771.025, '1']","[1650099801.025, '1']","[1650099831.028, '1']","[1650099861.028, '1']","[1650099891.028, '1']","[1650099921.025, '1']","[1650099951.028, '1']","[1650099981.028, '1']","[1650100011.025, '1']","[1650100041.031, '1']","[1650100071.025, '1']","[1650100101.029, '1']","[1650100131.025, '1']","[1650100161.03, '1']","[1650100191.025, '1']","[1650100221.025, '1']","[1650100251.025, '1']","[1650100281.025, '1']","[1650100311.029, '1']","[1650100341.03, '1']","[1650100371.033, '1']","[1650100401.025, '1']","[1650100431.031, '1']","[1650100461.031, '1']","[1650100491.025, '1']","[1650100521.031, '1']","[1650100551.025, '1']","[1650100581.031, '1']","[1650100611.025, '1']","[1650100641.025, '1']","[1650100671.025, '1']","[1650100701.025, '1']","[1650100731.025, '1']","[1650100761.025, '1']","[1650100791.03, '1']",prometheus,/dev/sda,https-metrics,/kubepods/burstable/pod17bc6efe-4f2c-4679-a62f-102ef9c334a8/8d37e7700bf99ae090e7f51897b294d3ce83e0f5ea2e59280d927f770b0c611b,quay.io/prometheus/prometheus:v2.29.1,10.1.0.32:10250,kubelet,/metrics/cadvisor,8d37e7700bf99ae090e7f51897b294d3ce83e0f5ea2e59280d927f770b0c611b,monitoring,fv-az213-807,prometheus-k8s-1,kubelet
container_fs_reads_total,"[1650099081.025, '1']","[1650099111.028, '1']","[1650099141.025, '1']","[1650099171.025, '1']","[1650099201.029, '1']","[1650099231.03, '1']","[1650099261.025, '1']","[1650099291.025, '1']","[1650099321.025, '1']","[1650099351.025, '1']","[1650099381.025, '1']","[1650099411.025, '1']","[1650099441.025, '1']","[1650099471.029, '1']","[1650099501.029, '1']","[1650099531.025, '1']","[1650099561.025, '1']","[1650099591.03, '1']","[1650099621.025, '1']","[1650099651.025, '1']","[1650099681.028, '1']","[1650099711.025, '1']","[1650099741.025, '1']","[1650099771.025, '1']","[1650099801.025, '1']","[1650099831.028, '1']","[1650099861.028, '1']","[1650099891.028, '1']","[1650099921.025, '1']","[1650099951.028, '1']","[1650099981.028, '1']","[1650100011.025, '1']","[1650100041.031, '1']","[1650100071.025, '1']","[1650100101.029, '1']","[1650100131.025, '1']","[1650100161.03, '1']","[1650100191.025, '1']","[1650100221.025, '1']","[1650100251.025, '1']","[1650100281.025, '1']","[1650100311.029, '1']","[1650100341.03, '1']","[1650100371.033, '1']","[1650100401.025, '1']","[1650100431.031, '1']","[1650100461.031, '1']","[1650100491.025, '1']","[1650100521.031, '1']","[1650100551.025, '1']","[1650100581.031, '1']","[1650100611.025, '1']","[1650100641.025, '1']","[1650100671.025, '1']","[1650100701.025, '1']","[1650100731.025, '1']","[1650100761.025, '1']","[1650100791.03, '1']",prometheus,/dev/sda,https-metrics,/kubepods/burstable/pod1b7f08ac-3c33-4227-bace-ba59dff1dc3e/c77315ddd9996e8af8665bf00eae9541cd9fadb06411e7ee9a5f98da75e90e44,quay.io/prometheus/prometheus:latest,10.1.0.32:10250,kubelet,/metrics/cadvisor,c77315ddd9996e8af8665bf00eae9541cd9fadb06411e7ee9a5f98da75e90e44,monitoring,fv-az213-807,prometheus-service-prometheus-0,kubelet
container_fs_reads_total,"[1650099081.025, '1']","[1650099111.028, '1']","[1650099141.025, '1']","[1650099171.025, '1']","[1650099201.029, '1']","[1650099231.03, '1']","[1650099261.025, '1']","[1650099291.025, '1']","[1650099321.025, '1']","[1650099351.025, '1']","[1650099381.025, '1']","[1650099411.025, '1']","[1650099441.025, '1']","[1650099471.029, '1']","[1650099501.029, '1']","[1650099531.025, '1']","[1650099561.025, '1']","[1650099591.03, '1']","[1650099621.025, '1']","[1650099651.025, '1']","[1650099681.028, '1']","[1650099711.025, '1']","[1650099741.025, '1']","[1650099771.025, '1']","[1650099801.025, '1']","[1650099831.028, '1']","[1650099861.028, '1']","[1650099891.028, '1']","[1650099921.025, '1']","[1650099951.028, '1']","[1650099981.028, '1']","[1650100011.025, '1']","[1650100041.031, '1']","[1650100071.025, '1']","[1650100101.029, '1']","[1650100131.025, '1']","[1650100161.03, '1']","[1650100191.025, '1']","[1650100221.025, '1']","[1650100251.025, '1']","[1650100281.025, '1']","[1650100311.029, '1']","[1650100341.03, '1']","[1650100371.033, '1']","[1650100401.025, '1']","[1650100431.031, '1']","[1650100461.031, '1']","[1650100491.025, '1']","[1650100521.031, '1']","[1650100551.025, '1']","[1650100581.031, '1']","[1650100611.025, '1']","[1650100641.025, '1']","[1650100671.025, '1']","[1650100701.025, '1']","[1650100731.025, '1']","[1650100761.025, '1']","[1650100791.03, '1']",prometheus,/dev/sda,https-metrics,/kubepods/burstable/pod7b6a3433-b27f-4370-94f0-ce1ba1fdbd75/33bc5345e9d400989c4604edb50cec1bcd46d8186e097c06f0a311aed0dfa99d,quay.io/prometheus/prometheus:latest,10.1.0.32:10250,kubelet,/metrics/cadvisor,33bc5345e9d400989c4604edb50cec1bcd46d8186e097c06f0a311aed0dfa99d,monitoring,fv-az213-807,prometheus-service-prometheus-1,kubelet
container_fs_reads_total,"[1650099081.025, '1']","[1650099111.028, '1']","[1650099141.025, '1']","[1650099171.025, '1']","[1650099201.029, '1']","[1650099231.03, '1']","[1650099261.025, '1']","[1650099291.025, '1']","[1650099321.025, '1']","[1650099351.025, '1']","[1650099381.025, '1']","[1650099411.025, '1']","[1650099441.025, '1']","[1650099471.029, '1']","[1650099501.029, '1']","[1650099531.025, '1']","[1650099561.025, '1']","[1650099591.03, '1']","[1650099621.025, '1']","[1650099651.025, '1']","[1650099681.028, '1']","[1650099711.025, '1']","[1650099741.025, '1']","[1650099771.025, '1']","[1650099801.025, '1']","[1650099831.028, '1']","[1650099861.028, '1']","[1650099891.028, '1']","[1650099921.025, '1']","[1650099951.028, '1']","[1650099981.028, '1']","[1650100011.025, '1']","[1650100041.031, '1']","[1650100071.025, '1']","[1650100101.029, '1']","[1650100131.025, '1']","[1650100161.03, '1']","[1650100191.025, '1']","[1650100221.025, '1']","[1650100251.025, '1']","[1650100281.025, '1']","[1650100311.029, '1']","[1650100341.03, '1']","[1650100371.033, '1']","[1650100401.025, '1']","[1650100431.031, '1']","[1650100461.031, '1']","[1650100491.025, '1']","[1650100521.031, '1']","[1650100551.025, '1']","[1650100581.031, '1']","[1650100611.025, '1']","[1650100641.025, '1']","[1650100671.025, '1']","[1650100701.025, '1']","[1650100731.025, '1']","[1650100761.025, '1']","[1650100791.03, '1']",prometheus,/dev/sda,https-metrics,/kubepods/burstable/podda9fd906-53e9-4e40-9beb-5ced2f88af46/01b0af4b49f19a8fb4e64411bb066bf372ff1f974df6aa0317d7fe7925b43867,quay.io/prometheus/prometheus:v2.29.1,10.1.0.32:10250,kubelet,/metrics/cadvisor,01b0af4b49f19a8fb4e64411bb066bf372ff1f974df6aa0317d7fe7925b43867,monitoring,fv-az213-807,prometheus-k8s-0,kubelet
container_fs_reads_total,"[1650099081.025, '3']","[1650099111.028, '3']","[1650099141.025, '10']","[1650099171.025, '10']","[1650099201.029, '10']","[1650099231.03, '10']","[1650099261.025, '10']","[1650099291.025, '10']","[1650099321.025, '10']","[1650099351.025, '288']","[1650099381.025, '288']","[1650099411.025, '288']","[1650099441.025, '288']","[1650099471.029, '288']","[1650099501.029, '288']","[1650099531.025, '288']","[1650099561.025, '288']","[1650099591.03, '288']","[1650099621.025, '288']","[1650099651.025, '288']","[1650099681.028, '288']","[1650099711.025, '288']","[1650099741.025, '288']","[1650099771.025, '288']","[1650099801.025, '288']","[1650099831.028, '288']","[1650099861.028, '288']","[1650099891.028, '288']","[1650099921.025, '288']","[1650099951.028, '288']","[1650099981.028, '288']","[1650100011.025, '288']","[1650100041.031, '288']","[1650100071.025, '288']","[1650100101.029, '288']","[1650100131.025, '288']","[1650100161.03, '288']","[1650100191.025, '288']","[1650100221.025, '288']","[1650100251.025, '288']","[1650100281.025, '288']","[1650100311.029, '288']","[1650100341.03, '288']","[1650100371.033, '288']","[1650100401.025, '288']","[1650100431.031, '288']","[1650100461.031, '288']","[1650100491.025, '288']","[1650100521.031, '288']","[1650100551.025, '291']","[1650100581.031, '291']","[1650100611.025, '291']","[1650100641.025, '291']","[1650100671.025, '291']","[1650100701.025, '291']","[1650100731.025, '291']","[1650100761.025, '291']","[1650100791.03, '291']",traefik,/dev/sda,https-metrics,/kubepods/besteffort/pod866dac4d-412a-4d27-86c1-e61ca61a5ab9/1e8775f8d132fa0ff07d0b13f9801f11ab4128d8d97a0b5c650f8094d3180589,docker.io/rancher/mirrored-library-traefik:2.6.1,10.1.0.32:10250,kubelet,/metrics/cadvisor,1e8775f8d132fa0ff07d0b13f9801f11ab4128d8d97a0b5c650f8094d3180589,kube-system,fv-az213-807,traefik-56c4b88c4b-999zk,kubelet
container_fs_reads_total,"[1650099081.025, '91279']","[1650099111.028, '91484']","[1650099141.025, '91503']","[1650099171.025, '91523']","[1650099201.029, '91608']","[1650099231.03, '91662']","[1650099261.025, '91668']","[1650099291.025, '91785']","[1650099321.025, '92010']","[1650099351.025, '92289']","[1650099381.025, '92299']","[1650099411.025, '92306']","[1650099441.025, '92320']","[1650099471.029, '92323']","[1650099501.029, '92323']","[1650099531.025, '92343']","[1650099561.025, '92347']","[1650099591.03, '92364']","[1650099621.025, '92370']","[1650099651.025, '92374']","[1650099681.028, '92400']","[1650099711.025, '92504']","[1650099741.025, '92517']","[1650099771.025, '92533']","[1650099801.025, '92537']","[1650099831.028, '92539']","[1650099861.028, '92550']","[1650099891.028, '92566']","[1650099921.025, '92575']","[1650099951.028, '92597']","[1650099981.028, '92602']","[1650100011.025, '92610']","[1650100041.031, '92618']","[1650100071.025, '92624']","[1650100101.029, '92641']","[1650100131.025, '92648']","[1650100161.03, '93521']","[1650100191.025, '93586']","[1650100221.025, '93590']","[1650100251.025, '93611']","[1650100281.025, '93611']","[1650100311.029, '93612']","[1650100341.03, '93612']","[1650100371.033, '93612']","[1650100401.025, '93619']","[1650100431.031, '93623']","[1650100461.031, '93626']","[1650100491.025, '93651']","[1650100521.031, '93651']","[1650100551.025, '93661']","[1650100581.031, '93661']","[1650100611.025, '93661']","[1650100641.025, '93668']","[1650100671.025, '93669']","[1650100701.025, '93731']","[1650100731.025, '93737']","[1650100761.025, '93744']","[1650100791.03, '95441']",,/dev/root,https-metrics,/,,10.1.0.32:10250,kubelet,/metrics/cadvisor,,,fv-az213-807,,kubelet
container_fs_reads_total,"[1650099081.025, '108923']","[1650099111.028, '109128']","[1650099141.025, '109147']","[1650099171.025, '109167']","[1650099201.029, '109252']","[1650099231.03, '109306']","[1650099261.025, '109312']","[1650099291.025, '109429']","[1650099321.025, '109540']","[1650099351.025, '109819']","[1650099381.025, '109829']","[1650099411.025, '109836']","[1650099441.025, '109850']","[1650099471.029, '109853']","[1650099501.029, '109853']","[1650099531.025, '109873']","[1650099561.025, '109877']","[1650099591.03, '109894']","[1650099621.025, '109900']","[1650099651.025, '109904']","[1650099681.028, '109930']","[1650099711.025, '110034']","[1650099741.025, '110047']","[1650099771.025, '110060']","[1650099801.025, '110064']","[1650099831.028, '110066']","[1650099861.028, '110077']","[1650099891.028, '110093']","[1650099921.025, '110102']","[1650099951.028, '110124']","[1650099981.028, '110129']","[1650100011.025, '110137']","[1650100041.031, '110142']","[1650100071.025, '110148']","[1650100101.029, '110165']","[1650100131.025, '110172']","[1650100161.03, '110181']","[1650100191.025, '110246']","[1650100221.025, '110250']","[1650100251.025, '110271']","[1650100281.025, '110271']","[1650100311.029, '110272']","[1650100341.03, '110272']","[1650100371.033, '110272']","[1650100401.025, '110279']","[1650100431.031, '110283']","[1650100461.031, '110286']","[1650100491.025, '110311']","[1650100521.031, '110311']","[1650100551.025, '110321']","[1650100581.031, '110321']","[1650100611.025, '110321']","[1650100641.025, '110356']","[1650100671.025, '110357']","[1650100701.025, '110419']","[1650100731.025, '110325']","[1650100761.025, '110332']","[1650100791.03, '112139']",,/dev/sda,https-metrics,/,,10.1.0.32:10250,kubelet,/metrics/cadvisor,,,fv-az213-807,,kubelet
container_fs_reads_total,"[1650099081.025, '2264']","[1650099111.028, '2301']","[1650099141.025, '2314']","[1650099171.025, '2315']","[1650099201.029, '2381']","[1650099231.03, '2434']","[1650099261.025, '2436']","[1650099291.025, '2450']","[1650099321.025, '2460']","[1650099351.025, '2739']","[1650099381.025, '2741']","[1650099411.025, '2744']","[1650099441.025, '2748']","[1650099471.029, '2748']","[1650099501.029, '2748']","[1650099531.025, '2765']","[1650099561.025, '2766']","[1650099591.03, '2769']","[1650099621.025, '2775']","[1650099651.025, '2776']","[1650099681.028, '2788']","[1650099711.025, '2792']","[1650099741.025, '2792']","[1650099771.025, '2791']","[1650099801.025, '2791']","[1650099831.028, '2791']","[1650099861.028, '2792']","[1650099891.028, '2792']","[1650099921.025, '2792']","[1650099951.028, '2797']","[1650099981.028, '2797']","[1650100011.025, '2799']","[1650100041.031, '2799']","[1650100071.025, '2799']","[1650100101.029, '2800']","[1650100131.025, '2802']","[1650100161.03, '2802']","[1650100191.025, '2802']","[1650100221.025, '2802']","[1650100251.025, '2802']","[1650100281.025, '2802']","[1650100311.029, '2802']","[1650100341.03, '2802']","[1650100371.033, '2802']","[1650100401.025, '2802']","[1650100431.031, '2802']","[1650100461.031, '2802']","[1650100491.025, '2802']","[1650100521.031, '2802']","[1650100551.025, '2812']","[1650100581.031, '2812']","[1650100611.025, '2812']","[1650100641.025, '2814']","[1650100671.025, '2815']","[1650100701.025, '2870']","[1650100731.025, '2775']","[1650100761.025, '2777']","[1650100791.03, '2809']",,/dev/sda,https-metrics,/kubepods,,10.1.0.32:10250,kubelet,/metrics/cadvisor,,,fv-az213-807,,kubelet
container_fs_reads_total,"[1650099081.025, '72']","[1650099111.028, '103']","[1650099141.025, '105']","[1650099171.025, '110']","[1650099201.029, '174']","[1650099231.03, '222']","[1650099261.025, '234']","[1650099291.025, '234']","[1650099321.025, '244']","[1650099351.025, '522']","[1650099381.025, '522']","[1650099411.025, '524']","[1650099441.025, '524']","[1650099471.029, '524']","[1650099501.029, '533']","[1650099531.025, '541']","[1650099561.025, '541']","[1650099591.03, '544']","[1650099621.025, '545']","[1650099651.025, '550']","[1650099681.028, '560']","[1650099711.025, '560']","[1650099741.025, '560']","[1650099771.025, '562']","[1650099801.025, '562']","[1650099831.028, '562']","[1650099861.028, '562']","[1650099891.028, '562']","[1650099921.025, '562']","[1650099951.028, '562']","[1650099981.028, '562']","[1650100011.025, '562']","[1650100041.031, '562']","[1650100071.025, '565']","[1650100101.029, '565']","[1650100131.025, '567']","[1650100161.03, '567']","[1650100191.025, '567']","[1650100221.025, '567']","[1650100251.025, '567']","[1650100281.025, '567']","[1650100311.029, '567']","[1650100341.03, '567']","[1650100371.033, '567']","[1650100401.025, '567']","[1650100431.031, '567']","[1650100461.031, '567']","[1650100491.025, '567']","[1650100521.031, '573']","[1650100551.025, '576']","[1650100581.031, '576']","[1650100611.025, '576']","[1650100641.025, '578']","[1650100671.025, '578']","[1650100701.025, '633']","[1650100731.025, '633']","[1650100761.025, '633']","[1650100791.03, '633']",,/dev/sda,https-metrics,/kubepods/besteffort,,10.1.0.32:10250,kubelet,/metrics/cadvisor,,,fv-az213-807,,kubelet
container_fs_reads_total,"[1650099081.025, '49']","[1650099111.028, '54']","[1650099141.025, '54']","[1650099171.025, '54']","[1650099201.029, '54']","[1650099231.03, '125']","[1650099261.025, '125']","[1650099291.025, '127']","[1650099321.025, '127']","[1650099351.025, '127']","[1650099381.025, '127']","[1650099411.025, '127']","[1650099441.025, '127']","[1650099471.029, '127']","[1650099501.029, '127']","[1650099531.025, '127']","[1650099561.025, '127']","[1650099591.03, '127']","[1650099621.025, '127']","[1650099651.025, '127']","[1650099681.028, '127']","[1650099711.025, '127']","[1650099741.025, '127']","[1650099771.025, '127']","[1650099801.025, '127']","[1650099831.028, '127']","[1650099861.028, '127']","[1650099891.028, '127']","[1650099921.025, '127']","[1650099951.028, '127']","[1650099981.028, '127']","[1650100011.025, '127']","[1650100041.031, '127']","[1650100071.025, '127']","[1650100101.029, '127']","[1650100131.025, '127']","[1650100161.03, '127']","[1650100191.025, '127']","[1650100221.025, '127']","[1650100251.025, '127']","[1650100281.025, '127']","[1650100311.029, '127']","[1650100341.03, '127']","[1650100371.033, '127']","[1650100401.025, '127']","[1650100431.031, '127']","[1650100461.031, '127']","[1650100491.025, '127']","[1650100521.031, '127']","[1650100551.025, '127']","[1650100581.031, '127']","[1650100611.025, '127']","[1650100641.025, '127']","[1650100671.025, '127']","[1650100701.025, '127']","[1650100731.025, '127']","[1650100761.025, '127']","[1650100791.03, '127']",,/dev/sda,https-metrics,/kubepods/besteffort/pod0136fee0-8516-4034-8f8a-a4774d14acd7,,10.1.0.32:10250,kubelet,/metrics/cadvisor,,kube-system,fv-az213-807,local-path-provisioner-84bb864455-lnlvq,kubelet
container_fs_reads_total,"[1650099081.025, '20']","[1650099111.028, '20']","[1650099141.025, '20']","[1650099171.025, '20']","[1650099201.029, '20']","[1650099231.03, '60']","[1650099261.025, '60']","[1650099291.025, '80']","[1650099321.025, '80']","[1650099351.025, '80']","[1650099381.025, '82']","[1650099411.025, '82']","[1650099441.025, '82']","[1650099471.029, '82']","[1650099501.029, '82']","[1650099531.025, '99']","[1650099561.025, '99']","[1650099591.03, '102']","[1650099621.025, '108']","[1650099651.025, '108']","[1650099681.028, '118']","[1650099711.025, '118']","[1650099741.025, '118']","[1650099771.025, '120']","[1650099801.025, '120']","[1650099831.028, '120']","[1650099861.028, '120']","[1650099891.028, '120']","[1650099921.025, '120']","[1650099951.028, '120']","[1650099981.028, '120']","[1650100011.025, '120']","[1650100041.031, '120']","[1650100071.025, '123']","[1650100101.029, '123']","[1650100131.025, '125']","[1650100161.03, '125']","[1650100191.025, '125']","[1650100221.025, '125']","[1650100251.025, '125']","[1650100281.025, '125']","[1650100311.029, '125']","[1650100341.03, '125']","[1650100371.033, '125']","[1650100401.025, '125']","[1650100431.031, '125']","[1650100461.031, '125']","[1650100491.025, '125']","[1650100521.031, '131']","[1650100551.025, '131']","[1650100581.031, '131']","[1650100611.025, '131']","[1650100641.025, '133']","[1650100671.025, '133']","[1650100701.025, '133']","[1650100731.025, '188']","[1650100761.025, '188']","[1650100791.03, '188']",,/dev/sda,https-metrics,/kubepods/besteffort/pod336c7410-37d8-4579-893a-ba2b5d593d1d,,10.1.0.32:10250,kubelet,/metrics/cadvisor,,kube-system,fv-az213-807,calico-kube-controllers-654b987fd9-ksrpf,kubelet
container_fs_reads_total,"[1650099081.025, '3']","[1650099111.028, '3']","[1650099141.025, '5']","[1650099171.025, '10']","[1650099201.029, '10']","[1650099231.03, '10']","[1650099261.025, '10']","[1650099291.025, '10']","[1650099321.025, '10']","[1650099351.025, '288']","[1650099381.025, '288']","[1650099411.025, '288']","[1650099441.025, '288']","[1650099471.029, '288']","[1650099501.029, '288']","[1650099531.025, '288']","[1650099561.025, '288']","[1650099591.03, '288']","[1650099621.025, '288']","[1650099651.025, '288']","[1650099681.028, '288']","[1650099711.025, '288']","[1650099741.025, '288']","[1650099771.025, '288']","[1650099801.025, '288']","[1650099831.028, '288']","[1650099861.028, '288']","[1650099891.028, '288']","[1650099921.025, '288']","[1650099951.028, '288']","[1650099981.028, '288']","[1650100011.025, '288']","[1650100041.031, '288']","[1650100071.025, '288']","[1650100101.029, '288']","[1650100131.025, '288']","[1650100161.03, '288']","[1650100191.025, '288']","[1650100221.025, '288']","[1650100251.025, '288']","[1650100281.025, '288']","[1650100311.029, '288']","[1650100341.03, '288']","[1650100371.033, '288']","[1650100401.025, '288']","[1650100431.031, '288']","[1650100461.031, '288']","[1650100491.025, '288']","[1650100521.031, '288']","[1650100551.025, '291']","[1650100581.031, '291']","[1650100611.025, '291']","[1650100641.025, '291']","[1650100671.025, '291']","[1650100701.025, '291']","[1650100731.025, '291']","[1650100761.025, '291']","[1650100791.03, '291']",,/dev/sda,https-metrics,/kubepods/besteffort/pod866dac4d-412a-4d27-86c1-e61ca61a5ab9,,10.1.0.32:10250,kubelet,/metrics/cadvisor,,kube-system,fv-az213-807,traefik-56c4b88c4b-999zk,kubelet
container_fs_reads_total,"[1650099111.028, '26']","[1650099141.025, '26']","[1650099171.025, '26']","[1650099201.029, '26']","[1650099231.03, '26']","[1650099261.025, '27']","[1650099291.025, '27']","[1650099321.025, '27']","[1650099351.025, '27']","[1650099381.025, '27']","[1650099411.025, '27']","[1650099441.025, '27']","[1650099471.029, '27']","[1650099501.029, '27']","[1650099531.025, '27']","[1650099561.025, '27']","[1650099591.03, '27']","[1650099621.025, '27']","[1650099651.025, '27']","[1650099681.028, '27']","[1650099711.025, '27']","[1650099741.025, '27']","[1650099771.025, '27']","[1650099801.025, '27']","[1650099831.028, '27']","[1650099861.028, '27']","[1650099891.028, '27']","[1650099921.025, '27']","[1650099951.028, '27']","[1650099981.028, '27']","[1650100011.025, '27']","[1650100041.031, '27']","[1650100071.025, '27']","[1650100101.029, '27']","[1650100131.025, '27']","[1650100161.03, '27']","[1650100191.025, '27']","[1650100221.025, '27']","[1650100251.025, '27']","[1650100281.025, '27']","[1650100311.029, '27']","[1650100341.03, '27']","[1650100371.033, '27']","[1650100401.025, '27']","[1650100431.031, '27']","[1650100461.031, '27']","[1650100491.025, '27']","[1650100521.031, '27']","[1650100551.025, '27']","[1650100581.031, '27']","[1650100611.025, '27']","[1650100641.025, '27']","[1650100671.025, '27']","[1650100701.025, '27']","[1650100731.025, '27']","[1650100761.025, '27']","[1650100791.03, '27']",,/dev/sda,https-metrics,/kubepods/besteffort/podba56cfbb-428f-47de-a091-93f66ffe2acd,,10.1.0.32:10250,kubelet,/metrics/cadvisor,,default,fv-az213-807,k6,kubelet
container_fs_reads_total,"[1650099081.025, '2088']","[1650099111.028, '2092']","[1650099141.025, '2099']","[1650099171.025, '2099']","[1650099201.029, '2106']","[1650099231.03, '2107']","[1650099261.025, '2108']","[1650099291.025, '2108']","[1650099321.025, '2110']","[1650099351.025, '2111']","[1650099381.025, '2113']","[1650099411.025, '2115']","[1650099441.025, '2117']","[1650099471.029, '2118']","[1650099501.029, '2118']","[1650099531.025, '2119']","[1650099561.025, '2119']","[1650099591.03, '2119']","[1650099621.025, '2119']","[1650099651.025, '2120']","[1650099681.028, '2122']","[1650099711.025, '2123']","[1650099741.025, '2123']","[1650099771.025, '2123']","[1650099801.025, '2123']","[1650099831.028, '2123']","[1650099861.028, '2123']","[1650099891.028, '2124']","[1650099921.025, '2124']","[1650099951.028, '2124']","[1650099981.028, '2126']","[1650100011.025, '2128']","[1650100041.031, '2128']","[1650100071.025, '2128']","[1650100101.029, '2128']","[1650100131.025, '2128']","[1650100161.03, '2128']","[1650100191.025, '2128']","[1650100221.025, '2128']","[1650100251.025, '2128']","[1650100281.025, '2128']","[1650100311.029, '2128']","[1650100341.03, '2128']","[1650100371.033, '2128']","[1650100401.025, '2128']","[1650100431.031, '2128']","[1650100461.031, '2128']","[1650100491.025, '2128']","[1650100521.031, '2128']","[1650100551.025, '2129']","[1650100581.031, '2129']","[1650100611.025, '2129']","[1650100641.025, '2129']","[1650100671.025, '2130']","[1650100701.025, '2130']","[1650100731.025, '2131']","[1650100761.025, '2131']","[1650100791.03, '2131']",,/dev/sda,https-metrics,/kubepods/burstable,,10.1.0.32:10250,kubelet,/metrics/cadvisor,,,fv-az213-807,,kubelet
container_fs_reads_total,"[1650099081.025, '1']","[1650099111.028, '1']","[1650099141.025, '1']","[1650099171.025, '1']","[1650099201.029, '1']","[1650099231.03, '1']","[1650099261.025, '1']","[1650099291.025, '1']","[1650099321.025, '1']","[1650099351.025, '1']","[1650099381.025, '1']","[1650099411.025, '1']","[1650099441.025, '1']","[1650099471.029, '1']","[1650099501.029, '1']","[1650099531.025, '1']","[1650099561.025, '1']","[1650099591.03, '1']","[1650099621.025, '1']","[1650099651.025, '1']","[1650099681.028, '1']","[1650099711.025, '1']","[1650099741.025, '1']","[1650099771.025, '1']","[1650099801.025, '1']","[1650099831.028, '1']","[1650099861.028, '1']","[1650099891.028, '1']","[1650099921.025, '1']","[1650099951.028, '1']","[1650099981.028, '1']","[1650100011.025, '1']","[1650100041.031, '1']","[1650100071.025, '1']","[1650100101.029, '1']","[1650100131.025, '1']","[1650100161.03, '1']","[1650100191.025, '1']","[1650100221.025, '1']","[1650100251.025, '1']","[1650100281.025, '1']","[1650100311.029, '1']","[1650100341.03, '1']","[1650100371.033, '1']","[1650100401.025, '1']","[1650100431.031, '1']","[1650100461.031, '1']","[1650100491.025, '1']","[1650100521.031, '1']","[1650100551.025, '1']","[1650100581.031, '1']","[1650100611.025, '1']","[1650100641.025, '1']","[1650100671.025, '1']","[1650100701.025, '1']","[1650100731.025, '1']","[1650100761.025, '1']","[1650100791.03, '1']",,/dev/sda,https-metrics,/kubepods/burstable/pod17bc6efe-4f2c-4679-a62f-102ef9c334a8,,10.1.0.32:10250,kubelet,/metrics/cadvisor,,monitoring,fv-az213-807,prometheus-k8s-1,kubelet
container_fs_reads_total,"[1650099081.025, '1']","[1650099111.028, '1']","[1650099141.025, '1']","[1650099171.025, '1']","[1650099201.029, '1']","[1650099231.03, '1']","[1650099261.025, '1']","[1650099291.025, '1']","[1650099321.025, '1']","[1650099351.025, '1']","[1650099381.025, '1']","[1650099411.025, '1']","[1650099441.025, '1']","[1650099471.029, '1']","[1650099501.029, '1']","[1650099531.025, '1']","[1650099561.025, '1']","[1650099591.03, '1']","[1650099621.025, '1']","[1650099651.025, '1']","[1650099681.028, '1']","[1650099711.025, '1']","[1650099741.025, '1']","[1650099771.025, '1']","[1650099801.025, '1']","[1650099831.028, '1']","[1650099861.028, '1']","[1650099891.028, '1']","[1650099921.025, '1']","[1650099951.028, '1']","[1650099981.028, '1']","[1650100011.025, '1']","[1650100041.031, '1']","[1650100071.025, '1']","[1650100101.029, '1']","[1650100131.025, '1']","[1650100161.03, '1']","[1650100191.025, '1']","[1650100221.025, '1']","[1650100251.025, '1']","[1650100281.025, '1']","[1650100311.029, '1']","[1650100341.03, '1']","[1650100371.033, '1']","[1650100401.025, '1']","[1650100431.031, '1']","[1650100461.031, '1']","[1650100491.025, '1']","[1650100521.031, '1']","[1650100551.025, '1']","[1650100581.031, '1']","[1650100611.025, '1']","[1650100641.025, '1']","[1650100671.025, '1']","[1650100701.025, '1']","[1650100731.025, '1']","[1650100761.025, '1']","[1650100791.03, '1']",,/dev/sda,https-metrics,/kubepods/burstable/pod1b7f08ac-3c33-4227-bace-ba59dff1dc3e,,10.1.0.32:10250,kubelet,/metrics/cadvisor,,monitoring,fv-az213-807,prometheus-service-prometheus-0,kubelet
container_fs_reads_total,"[1650099081.025, '1']","[1650099111.028, '1']","[1650099141.025, '1']","[1650099171.025, '1']","[1650099201.029, '1']","[1650099231.03, '1']","[1650099261.025, '1']","[1650099291.025, '1']","[1650099321.025, '1']","[1650099351.025, '1']","[1650099381.025, '1']","[1650099411.025, '1']","[1650099441.025, '1']","[1650099471.029, '1']","[1650099501.029, '1']","[1650099531.025, '1']","[1650099561.025, '1']","[1650099591.03, '1']","[1650099621.025, '1']","[1650099651.025, '1']","[1650099681.028, '1']","[1650099711.025, '1']","[1650099741.025, '1']","[1650099771.025, '1']","[1650099801.025, '1']","[1650099831.028, '1']","[1650099861.028, '1']","[1650099891.028, '1']","[1650099921.025, '1']","[1650099951.028, '1']","[1650099981.028, '1']","[1650100011.025, '1']","[1650100041.031, '1']","[1650100071.025, '1']","[1650100101.029, '1']","[1650100131.025, '1']","[1650100161.03, '1']","[1650100191.025, '1']","[1650100221.025, '1']","[1650100251.025, '1']","[1650100281.025, '1']","[1650100311.029, '1']","[1650100341.03, '1']","[1650100371.033, '1']","[1650100401.025, '1']","[1650100431.031, '1']","[1650100461.031, '1']","[1650100491.025, '1']","[1650100521.031, '1']","[1650100551.025, '1']","[1650100581.031, '1']","[1650100611.025, '1']","[1650100641.025, '1']","[1650100671.025, '1']","[1650100701.025, '1']","[1650100731.025, '1']","[1650100761.025, '1']","[1650100791.03, '1']",,/dev/sda,https-metrics,/kubepods/burstable/pod7b6a3433-b27f-4370-94f0-ce1ba1fdbd75,,10.1.0.32:10250,kubelet,/metrics/cadvisor,,monitoring,fv-az213-807,prometheus-service-prometheus-1,kubelet
container_fs_reads_total,"[1650099081.025, '359']","[1650099111.028, '359']","[1650099141.025, '361']","[1650099171.025, '361']","[1650099201.029, '361']","[1650099231.03, '361']","[1650099261.025, '361']","[1650099291.025, '361']","[1650099321.025, '362']","[1650099351.025, '362']","[1650099381.025, '364']","[1650099411.025, '364']","[1650099441.025, '364']","[1650099471.029, '365']","[1650099501.029, '365']","[1650099531.025, '365']","[1650099561.025, '365']","[1650099591.03, '365']","[1650099621.025, '365']","[1650099651.025, '365']","[1650099681.028, '365']","[1650099711.025, '365']","[1650099741.025, '365']","[1650099771.025, '365']","[1650099801.025, '365']","[1650099831.028, '365']","[1650099861.028, '365']","[1650099891.028, '365']","[1650099921.025, '365']","[1650099951.028, '365']","[1650099981.028, '365']","[1650100011.025, '365']","[1650100041.031, '365']","[1650100071.025, '365']","[1650100101.029, '365']","[1650100131.025, '365']","[1650100161.03, '365']","[1650100191.025, '365']","[1650100221.025, '365']","[1650100251.025, '365']","[1650100281.025, '365']","[1650100311.029, '365']","[1650100341.03, '365']","[1650100371.033, '365']","[1650100401.025, '365']","[1650100431.031, '365']","[1650100461.031, '365']","[1650100491.025, '365']","[1650100521.031, '365']","[1650100551.025, '365']","[1650100581.031, '365']","[1650100611.025, '365']","[1650100641.025, '365']","[1650100671.025, '365']","[1650100701.025, '365']","[1650100731.025, '365']","[1650100761.025, '365']","[1650100791.03, '365']",,/dev/sda,https-metrics,/kubepods/burstable/pod87f6e857-9ca3-444f-ace3-171d065f81fe,,10.1.0.32:10250,kubelet,/metrics/cadvisor,,kube-system,fv-az213-807,coredns-574bcc6c46-7vx75,kubelet
container_fs_reads_total,"[1650099081.025, '1654']","[1650099111.028, '1654']","[1650099141.025, '1654']","[1650099171.025, '1654']","[1650099201.029, '1654']","[1650099231.03, '1654']","[1650099261.025, '1654']","[1650099291.025, '1654']","[1650099321.025, '1654']","[1650099351.025, '1654']","[1650099381.025, '1654']","[1650099411.025, '1654']","[1650099441.025, '1654']","[1650099471.029, '1654']","[1650099501.029, '1654']","[1650099531.025, '1654']","[1650099561.025, '1654']","[1650099591.03, '1654']","[1650099621.025, '1654']","[1650099651.025, '1654']","[1650099681.028, '1654']","[1650099711.025, '1654']","[1650099741.025, '1654']","[1650099771.025, '1654']","[1650099801.025, '1654']","[1650099831.028, '1654']","[1650099861.028, '1654']","[1650099891.028, '1654']","[1650099921.025, '1654']","[1650099951.028, '1654']","[1650099981.028, '1654']","[1650100011.025, '1654']","[1650100041.031, '1654']","[1650100071.025, '1654']","[1650100101.029, '1654']","[1650100131.025, '1654']","[1650100161.03, '1654']","[1650100191.025, '1654']","[1650100221.025, '1654']","[1650100251.025, '1654']","[1650100281.025, '1654']","[1650100311.029, '1654']","[1650100341.03, '1654']","[1650100371.033, '1654']","[1650100401.025, '1654']","[1650100431.031, '1654']","[1650100461.031, '1654']","[1650100491.025, '1654']","[1650100521.031, '1654']","[1650100551.025, '1654']","[1650100581.031, '1654']","[1650100611.025, '1654']","[1650100641.025, '1654']","[1650100671.025, '1654']","[1650100701.025, '1654']","[1650100731.025, '1654']","[1650100761.025, '1654']","[1650100791.03, '1654']",,/dev/sda,https-metrics,/kubepods/burstable/pod9a41da16-dcbc-48e5-bfe5-9882d100bcd3,,10.1.0.32:10250,kubelet,/metrics/cadvisor,,monitoring,fv-az213-807,node-exporter-nd5q7,kubelet
container_fs_reads_total,"[1650099081.025, '71']","[1650099111.028, '75']","[1650099141.025, '80']","[1650099171.025, '80']","[1650099201.029, '82']","[1650099231.03, '88']","[1650099261.025, '89']","[1650099291.025, '89']","[1650099321.025, '90']","[1650099351.025, '91']","[1650099381.025, '91']","[1650099411.025, '92']","[1650099441.025, '95']","[1650099471.029, '95']","[1650099501.029, '95']","[1650099531.025, '95']","[1650099561.025, '96']","[1650099591.03, '96']","[1650099621.025, '96']","[1650099651.025, '97']","[1650099681.028, '97']","[1650099711.025, '98']","[1650099741.025, '98']","[1650099771.025, '98']","[1650099801.025, '98']","[1650099831.028, '98']","[1650099861.028, '99']","[1650099891.028, '99']","[1650099921.025, '99']","[1650099951.028, '101']","[1650099981.028, '101']","[1650100011.025, '101']","[1650100041.031, '103']","[1650100071.025, '103']","[1650100101.029, '103']","[1650100131.025, '103']","[1650100161.03, '103']","[1650100191.025, '103']","[1650100221.025, '103']","[1650100251.025, '103']","[1650100281.025, '103']","[1650100311.029, '103']","[1650100341.03, '103']","[1650100371.033, '103']","[1650100401.025, '103']","[1650100431.031, '103']","[1650100461.031, '103']","[1650100491.025, '103']","[1650100521.031, '103']","[1650100551.025, '104']","[1650100581.031, '104']","[1650100611.025, '104']","[1650100641.025, '104']","[1650100671.025, '105']","[1650100701.025, '105']","[1650100731.025, '106']","[1650100761.025, '106']","[1650100791.03, '107']",,/dev/sda,https-metrics,/kubepods/burstable/poda76685f2-28a9-4c41-8e75-4212f7418eaf,,10.1.0.32:10250,kubelet,/metrics/cadvisor,,kube-system,fv-az213-807,calico-node-z2z6z,kubelet
container_fs_reads_total,"[1650099081.025, '0']","[1650099111.028, '0']","[1650099141.025, '0']","[1650099171.025, '0']","[1650099201.029, '0']","[1650099231.03, '0']","[1650099261.025, '0']","[1650099291.025, '0']","[1650099321.025, '0']","[1650099351.025, '0']","[1650099381.025, '0']","[1650099411.025, '0']","[1650099441.025, '0']","[1650099471.029, '0']","[1650099501.029, '0']","[1650099531.025, '0']","[1650099561.025, '0']","[1650099591.03, '0']","[1650099621.025, '0']","[1650099651.025, '0']","[1650099681.028, '2']","[1650099711.025, '2']","[1650099741.025, '2']","[1650099771.025, '2']","[1650099801.025, '2']","[1650099831.028, '2']","[1650099861.028, '2']","[1650099891.028, '2']","[1650099921.025, '2']","[1650099951.028, '2']","[1650099981.028, '2']","[1650100011.025, '2']","[1650100041.031, '2']","[1650100071.025, '2']","[1650100101.029, '2']","[1650100131.025, '2']","[1650100161.03, '2']","[1650100191.025, '2']","[1650100221.025, '2']","[1650100251.025, '2']","[1650100281.025, '2']","[1650100311.029, '2']","[1650100341.03, '2']","[1650100371.033, '2']","[1650100401.025, '2']","[1650100431.031, '2']","[1650100461.031, '2']","[1650100491.025, '2']","[1650100521.031, '2']","[1650100551.025, '2']","[1650100581.031, '2']","[1650100611.025, '2']","[1650100641.025, '2']","[1650100671.025, '2']","[1650100701.025, '2']","[1650100731.025, '2']","[1650100761.025, '2']","[1650100791.03, '2']",,/dev/sda,https-metrics,/kubepods/burstable/podbac0f3c0-ff55-413f-acec-d62aee433720,,10.1.0.32:10250,kubelet,/metrics/cadvisor,,monitoring,fv-az213-807,grafana-7476b4c65b-bkvl2,kubelet
container_fs_reads_total,"[1650099081.025, '1']","[1650099111.028, '1']","[1650099141.025, '1']","[1650099171.025, '1']","[1650099201.029, '1']","[1650099231.03, '1']","[1650099261.025, '1']","[1650099291.025, '1']","[1650099321.025, '1']","[1650099351.025, '1']","[1650099381.025, '1']","[1650099411.025, '1']","[1650099441.025, '1']","[1650099471.029, '1']","[1650099501.029, '1']","[1650099531.025, '1']","[1650099561.025, '1']","[1650099591.03, '1']","[1650099621.025, '1']","[1650099651.025, '1']","[1650099681.028, '1']","[1650099711.025, '1']","[1650099741.025, '1']","[1650099771.025, '1']","[1650099801.025, '1']","[1650099831.028, '1']","[1650099861.028, '1']","[1650099891.028, '1']","[1650099921.025, '1']","[1650099951.028, '1']","[1650099981.028, '1']","[1650100011.025, '1']","[1650100041.031, '1']","[1650100071.025, '1']","[1650100101.029, '1']","[1650100131.025, '1']","[1650100161.03, '1']","[1650100191.025, '1']","[1650100221.025, '1']","[1650100251.025, '1']","[1650100281.025, '1']","[1650100311.029, '1']","[1650100341.03, '1']","[1650100371.033, '1']","[1650100401.025, '1']","[1650100431.031, '1']","[1650100461.031, '1']","[1650100491.025, '1']","[1650100521.031, '1']","[1650100551.025, '1']","[1650100581.031, '1']","[1650100611.025, '1']","[1650100641.025, '1']","[1650100671.025, '1']","[1650100701.025, '1']","[1650100731.025, '1']","[1650100761.025, '1']","[1650100791.03, '1']",,/dev/sda,https-metrics,/kubepods/burstable/podda9fd906-53e9-4e40-9beb-5ced2f88af46,,10.1.0.32:10250,kubelet,/metrics/cadvisor,,monitoring,fv-az213-807,prometheus-k8s-0,kubelet
container_fs_reads_total,"[1650100101.029, '1']","[1650100131.025, '1']","[1650100161.03, '1']","[1650100191.025, '1']","[1650100221.025, '1']","[1650100251.025, '1']","[1650100281.025, '1']","[1650100311.029, '1']","[1650100341.03, '1']","[1650100371.033, '1']","[1650100401.025, '1']","[1650100431.031, '1']","[1650100461.031, '1']","[1650100491.025, '1']","[1650100521.031, '1']","[1650100551.025, '1']","[1650100581.031, '1']","[1650100611.025, '1']","[1650100641.025, '1']","[1650100671.025, '1']","[1650100701.025, '1']","[1650100731.025, '1']","[1650100761.025, '3']","[1650100791.03, '3']",,/dev/sda,https-metrics,/kubepods/pod3f2169ad-973f-492a-aa55-343b29606a4f,,10.1.0.32:10250,kubelet,/metrics/cadvisor,,default,fv-az213-807,api-54b9c66577-rb5zf,kubelet
container_fs_reads_total,"[1650099711.025, '3']","[1650099741.025, '3']",,/dev/sda,https-metrics,/kubepods/pod6954e30b-e242-468a-a3a2-068ac64e45ae,,10.1.0.32:10250,kubelet,/metrics/cadvisor,,default,fv-az213-807,api-54b9c66577-g7x5p,kubelet
container_fs_reads_total,"[1650099081.025, '4']","[1650099111.028, '5']","[1650099141.025, '5']","[1650099171.025, '5']","[1650099201.029, '5']","[1650099231.03, '5']","[1650099261.025, '5']","[1650099291.025, '5']","[1650099321.025, '5']","[1650099351.025, '5']","[1650099381.025, '5']","[1650099411.025, '5']","[1650099441.025, '5']","[1650099471.029, '5']","[1650099501.029, '5']","[1650099531.025, '5']","[1650099561.025, '5']","[1650099591.03, '5']","[1650099621.025, '5']","[1650099651.025, '5']","[1650099681.028, '5']","[1650099711.025, '5']","[1650099741.025, '5']","[1650099771.025, '5']","[1650099801.025, '5']","[1650099831.028, '5']","[1650099861.028, '5']","[1650099891.028, '5']","[1650099921.025, '5']","[1650099951.028, '5']","[1650099981.028, '5']","[1650100011.025, '5']","[1650100041.031, '5']","[1650100071.025, '5']","[1650100101.029, '5']","[1650100131.025, '5']","[1650100161.03, '5']","[1650100191.025, '5']","[1650100221.025, '5']","[1650100251.025, '5']","[1650100281.025, '5']","[1650100311.029, '5']","[1650100341.03, '5']","[1650100371.033, '5']","[1650100401.025, '5']","[1650100431.031, '5']","[1650100461.031, '5']","[1650100491.025, '5']","[1650100521.031, '5']","[1650100551.025, '5']","[1650100581.031, '5']","[1650100611.025, '5']","[1650100641.025, '5']","[1650100671.025, '5']","[1650100701.025, '5']","[1650100731.025, '5']","[1650100761.025, '5']","[1650100791.03, '17']",,/dev/sda,https-metrics,/kubepods/pod9763f076-75e7-4feb-bee6-92a524011870,,10.1.0.32:10250,kubelet,/metrics/cadvisor,,default,fv-az213-807,api-54b9c66577-mcksd,kubelet
container_fs_reads_total,"[1650099951.028, '3']","[1650099981.028, '3']","[1650100011.025, '3']",,/dev/sda,https-metrics,/kubepods/podf1ced3b4-8e1b-4f70-9934-f3820a98c7f3,,10.1.0.32:10250,kubelet,/metrics/cadvisor,,default,fv-az213-807,api-54b9c66577-d7hpk,kubelet
container_fs_reads_total,"[1650100791.03, '9']",,/dev/sda,https-metrics,/kubepods/podf37c8d6f-9c9c-4e04-962a-7d6a905f43f5,,10.1.0.32:10250,kubelet,/metrics/cadvisor,,default,fv-az213-807,api-54b9c66577-9x5r2,kubelet
container_fs_reads_total,"[1650099081.025, '100']","[1650099111.028, '101']","[1650099141.025, '101']","[1650099171.025, '101']","[1650099201.029, '101']","[1650099231.03, '101']","[1650099261.025, '101']","[1650099291.025, '101']","[1650099321.025, '101']","[1650099351.025, '101']","[1650099381.025, '101']","[1650099411.025, '101']","[1650099441.025, '101']","[1650099471.029, '101']","[1650099501.029, '101']","[1650099531.025, '101']","[1650099561.025, '101']","[1650099591.03, '101']","[1650099621.025, '101']","[1650099651.025, '101']","[1650099681.028, '101']","[1650099711.025, '101']","[1650099741.025, '101']","[1650099771.025, '101']","[1650099801.025, '101']","[1650099831.028, '101']","[1650099861.028, '101']","[1650099891.028, '101']","[1650099921.025, '101']","[1650099951.028, '101']","[1650099981.028, '101']","[1650100011.025, '101']","[1650100041.031, '101']","[1650100071.025, '101']","[1650100101.029, '101']","[1650100131.025, '101']","[1650100161.03, '101']","[1650100191.025, '101']","[1650100221.025, '101']","[1650100251.025, '101']","[1650100281.025, '101']","[1650100311.029, '101']","[1650100341.03, '101']","[1650100371.033, '101']","[1650100401.025, '101']","[1650100431.031, '101']","[1650100461.031, '101']","[1650100491.025, '101']","[1650100521.031, '101']","[1650100551.025, '101']","[1650100581.031, '101']","[1650100611.025, '101']","[1650100641.025, '101']","[1650100671.025, '101']","[1650100701.025, '101']","[1650100731.025, '5']","[1650100761.025, '5']","[1650100791.03, '5']",,/dev/sda,https-metrics,/kubepods/podf884d8ae-cf4b-44f8-af88-633ff70b6821,,10.1.0.32:10250,kubelet,/metrics/cadvisor,,default,fv-az213-807,api-54b9c66577-c25pq,kubelet
container_fs_reads_total,"[1650099081.025, '1']","[1650099111.028, '1']","[1650099141.025, '1']","[1650099171.025, '1']","[1650099201.029, '1']","[1650099231.03, '1']","[1650099261.025, '1']","[1650099291.025, '1']","[1650099321.025, '1']","[1650099351.025, '1']","[1650099381.025, '1']","[1650099411.025, '1']","[1650099441.025, '1']","[1650099471.029, '1']","[1650099501.029, '1']","[1650099531.025, '1']","[1650099561.025, '1']","[1650099591.03, '1']","[1650099621.025, '1']","[1650099651.025, '1']","[1650099681.028, '1']","[1650099711.025, '1']","[1650099741.025, '1']","[1650099771.025, '1']","[1650099801.025, '1']","[1650099831.028, '1']","[1650099861.028, '1']","[1650099891.028, '1']","[1650099921.025, '1']","[1650099951.028, '1']","[1650099981.028, '1']","[1650100011.025, '1']","[1650100041.031, '1']","[1650100071.025, '1']","[1650100101.029, '1']","[1650100131.025, '1']","[1650100161.03, '1']","[1650100191.025, '1']","[1650100221.025, '1']","[1650100251.025, '1']","[1650100281.025, '1']","[1650100311.029, '1']","[1650100341.03, '1']","[1650100371.033, '1']","[1650100401.025, '1']","[1650100431.031, '1']","[1650100461.031, '1']","[1650100491.025, '1']","[1650100521.031, '1']","[1650100551.025, '1']","[1650100581.031, '1']","[1650100611.025, '1']","[1650100641.025, '1']","[1650100671.025, '1']","[1650100701.025, '1']","[1650100731.025, '1']","[1650100761.025, '1']","[1650100791.03, '1']",,/dev/sda,https-metrics,/kubepods/podf884d8ae-cf4b-44f8-af88-633ff70b6821/8e879a6c623b895e37ccdabaa3399e683708a6115cd8eae7e56e4f82fb9d32a7,docker.io/rancher/mirrored-pause:3.5,10.1.0.32:10250,kubelet,/metrics/cadvisor,8e879a6c623b895e37ccdabaa3399e683708a6115cd8eae7e56e4f82fb9d32a7,default,fv-az213-807,api-54b9c66577-c25pq,kubelet
container_fs_reads_total,"[1650099081.025, '1304']","[1650099111.028, '1380']","[1650099141.025, '1380']","[1650099171.025, '1395']","[1650099201.029, '1412']","[1650099231.03, '1412']","[1650099261.025, '1412']","[1650099291.025, '1494']","[1650099321.025, '1494']","[1650099351.025, '1494']","[1650099381.025, '1498']","[1650099411.025, '1498']","[1650099441.025, '1508']","[1650099471.029, '1508']","[1650099501.029, '1508']","[1650099531.025, '1511']","[1650099561.025, '1511']","[1650099591.03, '1522']","[1650099621.025, '1525']","[1650099651.025, '1528']","[1650099681.028, '1541']","[1650099711.025, '1635']","[1650099741.025, '1635']","[1650099771.025, '1649']","[1650099801.025, '1653']","[1650099831.028, '1655']","[1650099861.028, '1665']","[1650099891.028, '1681']","[1650099921.025, '1690']","[1650099951.028, '1706']","[1650099981.028, '1706']","[1650100011.025, '1712']","[1650100041.031, '1717']","[1650100071.025, '1721']","[1650100101.029, '1732']","[1650100131.025, '1741']","[1650100161.03, '1750']","[1650100191.025, '1810']","[1650100221.025, '1815']","[1650100251.025, '1830']","[1650100281.025, '1836']","[1650100311.029, '1836']","[1650100341.03, '1836']","[1650100371.033, '1836']","[1650100401.025, '1836']","[1650100431.031, '1840']","[1650100461.031, '1843']","[1650100491.025, '1868']","[1650100521.031, '1868']","[1650100551.025, '1868']","[1650100581.031, '1868']","[1650100611.025, '1868']","[1650100641.025, '1868']","[1650100671.025, '1868']","[1650100701.025, '1872']","[1650100731.025, '1873']","[1650100761.025, '1873']","[1650100791.03, '1939']",,/dev/sda,https-metrics,/system.slice/k3s.service,,10.1.0.32:10250,kubelet,/metrics/cadvisor,,,fv-az213-807,,kubelet
container_fs_reads_total,"[1650099081.025, '254']","[1650099111.028, '255']","[1650099141.025, '265']","[1650099171.025, '265']","[1650099201.029, '265']","[1650099231.03, '275']","[1650099261.025, '343']","[1650099291.025, '351']","[1650099321.025, '403']","[1650099351.025, '413']","[1650099381.025, '421']","[1650099411.025, '421']","[1650099441.025, '421']","[1650099471.029, '433']","[1650099501.029, '433']","[1650099531.025, '433']","[1650099561.025, '437']","[1650099591.03, '439']","[1650099621.025, '439']","[1650099651.025, '440']","[1650099681.028, '440']","[1650099711.025, '440']","[1650099741.025, '440']","[1650099771.025, '440']","[1650099801.025, '440']","[1650099831.028, '444']","[1650099861.028, '444']","[1650099891.028, '444']","[1650099921.025, '448']","[1650099951.028, '448']","[1650099981.028, '453']","[1650100011.025, '453']","[1650100041.031, '593']","[1650100071.025, '593']","[1650100101.029, '624']","[1650100131.025, '636']","[1650100161.03, '747']","[1650100191.025, '759']","[1650100221.025, '901']","[1650100251.025, '908']","[1650100281.025, '908']","[1650100311.029, '908']","[1650100341.03, '908']","[1650100371.033, '908']","[1650100401.025, '908']","[1650100431.031, '908']","[1650100461.031, '912']","[1650100491.025, '912']","[1650100521.031, '912']","[1650100551.025, '912']","[1650100581.031, '912']","[1650100611.025, '912']","[1650100641.025, '912']","[1650100671.025, '912']","[1650100701.025, '912']","[1650100731.025, '912']","[1650100761.025, '912']","[1650100791.03, '920']",,/dev/sdb,https-metrics,/,,10.1.0.32:10250,kubelet,/metrics/cadvisor,,,fv-az213-807,,kubelet
container_fs_reads_total,"[1650099081.025, '26']","[1650099111.028, '26']","[1650099141.025, '26']","[1650099171.025, '26']","[1650099201.029, '26']","[1650099231.03, '34']","[1650099261.025, '101']","[1650099291.025, '101']","[1650099321.025, '147']","[1650099351.025, '157']","[1650099381.025, '165']","[1650099411.025, '165']","[1650099441.025, '165']","[1650099471.029, '169']","[1650099501.029, '169']","[1650099531.025, '169']","[1650099561.025, '169']","[1650099591.03, '169']","[1650099621.025, '169']","[1650099651.025, '169']","[1650099681.028, '169']","[1650099711.025, '169']","[1650099741.025, '169']","[1650099771.025, '169']","[1650099801.025, '169']","[1650099831.028, '169']","[1650099861.028, '169']","[1650099891.028, '169']","[1650099921.025, '169']","[1650099951.028, '169']","[1650099981.028, '172']","[1650100011.025, '172']","[1650100041.031, '172']","[1650100071.025, '172']","[1650100101.029, '172']","[1650100131.025, '172']","[1650100161.03, '172']","[1650100191.025, '172']","[1650100221.025, '172']","[1650100251.025, '172']","[1650100281.025, '172']","[1650100311.029, '172']","[1650100341.03, '172']","[1650100371.033, '172']","[1650100401.025, '172']","[1650100431.031, '172']","[1650100461.031, '176']","[1650100491.025, '176']","[1650100521.031, '176']","[1650100551.025, '176']","[1650100581.031, '176']","[1650100611.025, '176']","[1650100641.025, '176']","[1650100671.025, '176']","[1650100701.025, '176']","[1650100731.025, '176']","[1650100761.025, '176']","[1650100791.03, '176']",,/dev/sdb,https-metrics,/kubepods,,10.1.0.32:10250,kubelet,/metrics/cadvisor,,,fv-az213-807,,kubelet
container_fs_reads_total,"[1650099081.025, '26']","[1650099111.028, '26']","[1650099141.025, '26']","[1650099171.025, '26']","[1650099201.029, '26']","[1650099231.03, '34']","[1650099261.025, '101']","[1650099291.025, '101']","[1650099321.025, '147']","[1650099351.025, '157']","[1650099381.025, '165']","[1650099411.025, '165']","[1650099441.025, '165']","[1650099471.029, '169']","[1650099501.029, '169']","[1650099531.025, '169']","[1650099561.025, '169']","[1650099591.03, '169']","[1650099621.025, '169']","[1650099651.025, '169']","[1650099681.028, '169']","[1650099711.025, '169']","[1650099741.025, '169']","[1650099771.025, '169']","[1650099801.025, '169']","[1650099831.028, '169']","[1650099861.028, '169']","[1650099891.028, '169']","[1650099921.025, '169']","[1650099951.028, '169']","[1650099981.028, '172']","[1650100011.025, '172']","[1650100041.031, '172']","[1650100071.025, '172']","[1650100101.029, '172']","[1650100131.025, '172']","[1650100161.03, '172']","[1650100191.025, '172']","[1650100221.025, '172']","[1650100251.025, '172']","[1650100281.025, '172']","[1650100311.029, '172']","[1650100341.03, '172']","[1650100371.033, '172']","[1650100401.025, '172']","[1650100431.031, '172']","[1650100461.031, '176']","[1650100491.025, '176']","[1650100521.031, '176']","[1650100551.025, '176']","[1650100581.031, '176']","[1650100611.025, '176']","[1650100641.025, '176']","[1650100671.025, '176']","[1650100701.025, '176']","[1650100731.025, '176']","[1650100761.025, '176']","[1650100791.03, '176']",,/dev/sdb,https-metrics,/kubepods/burstable,,10.1.0.32:10250,kubelet,/metrics/cadvisor,,,fv-az213-807,,kubelet
container_fs_reads_total,"[1650099081.025, '26']","[1650099111.028, '26']","[1650099141.025, '26']","[1650099171.025, '26']","[1650099201.029, '26']","[1650099231.03, '34']","[1650099261.025, '101']","[1650099291.025, '101']","[1650099321.025, '147']","[1650099351.025, '157']","[1650099381.025, '165']","[1650099411.025, '165']","[1650099441.025, '165']","[1650099471.029, '169']","[1650099501.029, '169']","[1650099531.025, '169']","[1650099561.025, '169']","[1650099591.03, '169']","[1650099621.025, '169']","[1650099651.025, '169']","[1650099681.028, '169']","[1650099711.025, '169']","[1650099741.025, '169']","[1650099771.025, '169']","[1650099801.025, '169']","[1650099831.028, '169']","[1650099861.028, '169']","[1650099891.028, '169']","[1650099921.025, '169']","[1650099951.028, '169']","[1650099981.028, '172']","[1650100011.025, '172']","[1650100041.031, '172']","[1650100071.025, '172']","[1650100101.029, '172']","[1650100131.025, '172']","[1650100161.03, '172']","[1650100191.025, '172']","[1650100221.025, '172']","[1650100251.025, '172']","[1650100281.025, '172']","[1650100311.029, '172']","[1650100341.03, '172']","[1650100371.033, '172']","[1650100401.025, '172']","[1650100431.031, '172']","[1650100461.031, '176']","[1650100491.025, '176']","[1650100521.031, '176']","[1650100551.025, '176']","[1650100581.031, '176']","[1650100611.025, '176']","[1650100641.025, '176']","[1650100671.025, '176']","[1650100701.025, '176']","[1650100731.025, '176']","[1650100761.025, '176']","[1650100791.03, '176']",,/dev/sdb,https-metrics,/kubepods/burstable/poda76685f2-28a9-4c41-8e75-4212f7418eaf,,10.1.0.32:10250,kubelet,/metrics/cadvisor,,kube-system,fv-az213-807,calico-node-z2z6z,kubelet
container_fs_reads_total,"[1650099081.025, '5']","[1650099111.028, '6']","[1650099141.025, '14']","[1650099171.025, '14']","[1650099201.029, '14']","[1650099231.03, '16']","[1650099261.025, '17']","[1650099291.025, '25']","[1650099321.025, '31']","[1650099351.025, '31']","[1650099381.025, '31']","[1650099411.025, '31']","[1650099441.025, '31']","[1650099471.029, '39']","[1650099501.029, '39']","[1650099531.025, '39']","[1650099561.025, '41']","[1650099591.03, '41']","[1650099621.025, '41']","[1650099651.025, '42']","[1650099681.028, '42']","[1650099711.025, '42']","[1650099741.025, '42']","[1650099771.025, '42']","[1650099801.025, '42']","[1650099831.028, '46']","[1650099861.028, '46']","[1650099891.028, '46']","[1650099921.025, '50']","[1650099951.028, '50']","[1650099981.028, '52']","[1650100011.025, '52']","[1650100041.031, '52']","[1650100071.025, '52']","[1650100101.029, '52']","[1650100131.025, '52']","[1650100161.03, '52']","[1650100191.025, '57']","[1650100221.025, '57']","[1650100251.025, '57']","[1650100281.025, '57']","[1650100311.029, '57']","[1650100341.03, '57']","[1650100371.033, '57']","[1650100401.025, '57']","[1650100431.031, '57']","[1650100461.031, '57']","[1650100491.025, '57']","[1650100521.031, '57']","[1650100551.025, '57']","[1650100581.031, '57']","[1650100611.025, '57']","[1650100641.025, '57']","[1650100671.025, '57']","[1650100701.025, '57']","[1650100731.025, '57']","[1650100761.025, '57']","[1650100791.03, '65']",,/dev/sdb,https-metrics,/system.slice/k3s.service,,10.1.0.32:10250,kubelet,/metrics/cadvisor,,,fv-az213-807,,kubelet
container_fs_reads_total,"[1650099081.025, '131']","[1650099111.028, '132']","[1650099141.025, '137']","[1650099171.025, '137']","[1650099201.029, '137']","[1650099231.03, '142']","[1650099261.025, '154']","[1650099291.025, '156']","[1650099321.025, '172']","[1650099351.025, '175']","[1650099381.025, '177']","[1650099411.025, '177']","[1650099441.025, '177']","[1650099471.029, '181']","[1650099501.029, '181']","[1650099531.025, '181']","[1650099561.025, '182']","[1650099591.03, '183']","[1650099621.025, '183']","[1650099651.025, '184']","[1650099681.028, '184']","[1650099711.025, '184']","[1650099741.025, '184']","[1650099771.025, '184']","[1650099801.025, '184']","[1650099831.028, '185']","[1650099861.028, '185']","[1650099891.028, '185']","[1650099921.025, '186']","[1650099951.028, '186']","[1650099981.028, '189']","[1650100011.025, '189']","[1650100041.031, '227']","[1650100071.025, '227']","[1650100101.029, '233']","[1650100131.025, '237']","[1650100161.03, '275']","[1650100191.025, '277']","[1650100221.025, '310']","[1650100251.025, '312']","[1650100281.025, '312']","[1650100311.029, '312']","[1650100341.03, '312']","[1650100371.033, '312']","[1650100401.025, '312']","[1650100431.031, '312']","[1650100461.031, '313']","[1650100491.025, '313']","[1650100521.031, '313']","[1650100551.025, '313']","[1650100581.031, '313']","[1650100611.025, '313']","[1650100641.025, '313']","[1650100671.025, '313']","[1650100701.025, '313']","[1650100731.025, '313']","[1650100761.025, '313']","[1650100791.03, '316']",,/dev/sdb1,https-metrics,/,,10.1.0.32:10250,kubelet,/metrics/cadvisor,,,fv-az213-807,,kubelet
container_fs_reads_total,"[1650099081.025, '0']","[1650099111.028, '0']","[1650099141.025, '0']","[1650099171.025, '0']","[1650099201.029, '0']","[1650099231.03, '0']","[1650099261.025, '0']","[1650099291.025, '0']","[1650099321.025, '0']","[1650099351.025, '0']","[1650099381.025, '0']","[1650099411.025, '0']","[1650099441.025, '0']","[1650099471.029, '0']","[1650099501.029, '0']","[1650099531.025, '0']","[1650099561.025, '0']","[1650099591.03, '0']","[1650099621.025, '0']","[1650099651.025, '0']","[1650099681.028, '0']","[1650099711.025, '0']","[1650099741.025, '0']","[1650099771.025, '0']","[1650099801.025, '0']","[1650099831.028, '0']","[1650099861.028, '0']","[1650099891.028, '0']","[1650099921.025, '0']","[1650099951.028, '0']","[1650099981.028, '0']","[1650100011.025, '0']","[1650100041.031, '0']","[1650100071.025, '0']","[1650100101.029, '0']","[1650100131.025, '0']","[1650100161.03, '0']","[1650100191.025, '0']","[1650100221.025, '0']","[1650100251.025, '0']","[1650100281.025, '0']","[1650100311.029, '0']","[1650100341.03, '0']","[1650100371.033, '0']","[1650100401.025, '0']","[1650100431.031, '0']","[1650100461.031, '0']","[1650100491.025, '0']","[1650100521.031, '0']","[1650100551.025, '0']","[1650100581.031, '0']","[1650100611.025, '0']","[1650100641.025, '0']","[1650100671.025, '0']","[1650100701.025, '0']","[1650100731.025, '0']","[1650100761.025, '0']","[1650100791.03, '0']",,/dev/shm,https-metrics,/,,10.1.0.32:10250,kubelet,/metrics/cadvisor,,,fv-az213-807,,kubelet
container_fs_reads_total,"[1650099081.025, '0']","[1650099111.028, '0']","[1650099141.025, '0']","[1650099171.025, '0']","[1650099201.029, '0']","[1650099231.03, '0']","[1650099261.025, '0']","[1650099291.025, '0']","[1650099321.025, '0']","[1650099351.025, '0']","[1650099381.025, '0']","[1650099411.025, '0']","[1650099441.025, '0']","[1650099471.029, '0']","[1650099501.029, '0']","[1650099531.025, '0']","[1650099561.025, '0']","[1650099591.03, '0']","[1650099621.025, '0']","[1650099651.025, '0']","[1650099681.028, '0']","[1650099711.025, '0']","[1650099741.025, '0']","[1650099771.025, '0']","[1650099801.025, '0']","[1650099831.028, '0']","[1650099861.028, '0']","[1650099891.028, '0']","[1650099921.025, '0']","[1650099951.028, '0']","[1650099981.028, '0']","[1650100011.025, '0']","[1650100041.031, '0']","[1650100071.025, '0']","[1650100101.029, '0']","[1650100131.025, '0']","[1650100161.03, '0']","[1650100191.025, '0']","[1650100221.025, '0']","[1650100251.025, '0']","[1650100281.025, '0']","[1650100311.029, '0']","[1650100341.03, '0']","[1650100371.033, '0']","[1650100401.025, '0']","[1650100431.031, '0']","[1650100461.031, '0']","[1650100491.025, '0']","[1650100521.031, '0']","[1650100551.025, '0']","[1650100581.031, '0']","[1650100611.025, '0']","[1650100641.025, '0']","[1650100671.025, '0']","[1650100701.025, '0']","[1650100731.025, '0']","[1650100761.025, '0']","[1650100791.03, '0']",,/run,https-metrics,/,,10.1.0.32:10250,kubelet,/metrics/cadvisor,,,fv-az213-807,,kubelet
container_fs_reads_total,"[1650099081.025, '0']","[1650099111.028, '0']","[1650099141.025, '0']","[1650099171.025, '0']","[1650099201.029, '0']","[1650099231.03, '0']","[1650099261.025, '0']","[1650099291.025, '0']","[1650099321.025, '0']","[1650099351.025, '0']","[1650099381.025, '0']","[1650099411.025, '0']","[1650099441.025, '0']","[1650099471.029, '0']","[1650099501.029, '0']","[1650099531.025, '0']","[1650099561.025, '0']","[1650099591.03, '0']","[1650099621.025, '0']","[1650099651.025, '0']","[1650099681.028, '0']","[1650099711.025, '0']","[1650099741.025, '0']","[1650099771.025, '0']","[1650099801.025, '0']","[1650099831.028, '0']","[1650099861.028, '0']","[1650099891.028, '0']","[1650099921.025, '0']","[1650099951.028, '0']","[1650099981.028, '0']","[1650100011.025, '0']","[1650100041.031, '0']","[1650100071.025, '0']","[1650100101.029, '0']","[1650100131.025, '0']","[1650100161.03, '0']","[1650100191.025, '0']","[1650100221.025, '0']","[1650100251.025, '0']","[1650100281.025, '0']","[1650100311.029, '0']","[1650100341.03, '0']","[1650100371.033, '0']","[1650100401.025, '0']","[1650100431.031, '0']","[1650100461.031, '0']","[1650100491.025, '0']","[1650100521.031, '0']","[1650100551.025, '0']","[1650100581.031, '0']","[1650100611.025, '0']","[1650100641.025, '0']","[1650100671.025, '0']","[1650100701.025, '0']","[1650100731.025, '0']","[1650100761.025, '0']","[1650100791.03, '0']",,/run/lock,https-metrics,/,,10.1.0.32:10250,kubelet,/metrics/cadvisor,,,fv-az213-807,,kubelet
container_fs_reads_total,"[1650099081.025, '0']","[1650099111.028, '0']","[1650099141.025, '0']","[1650099171.025, '0']","[1650099201.029, '0']","[1650099231.03, '0']","[1650099261.025, '0']","[1650099291.025, '0']","[1650099321.025, '0']","[1650099351.025, '0']","[1650099381.025, '0']","[1650099411.025, '0']","[1650099441.025, '0']","[1650099471.029, '0']","[1650099501.029, '0']","[1650099531.025, '0']","[1650099561.025, '0']","[1650099591.03, '0']","[1650099621.025, '0']","[1650099651.025, '0']","[1650099681.028, '0']","[1650099711.025, '0']","[1650099741.025, '0']","[1650099771.025, '0']","[1650099801.025, '0']","[1650099831.028, '0']","[1650099861.028, '0']","[1650099891.028, '0']","[1650099921.025, '0']","[1650099951.028, '0']","[1650099981.028, '0']","[1650100011.025, '0']","[1650100041.031, '0']","[1650100071.025, '0']","[1650100101.029, '0']","[1650100131.025, '0']","[1650100161.03, '0']","[1650100191.025, '0']","[1650100221.025, '0']","[1650100251.025, '0']","[1650100281.025, '0']","[1650100311.029, '0']","[1650100341.03, '0']","[1650100371.033, '0']","[1650100401.025, '0']","[1650100431.031, '0']","[1650100461.031, '0']","[1650100491.025, '0']","[1650100521.031, '0']","[1650100551.025, '0']","[1650100581.031, '0']","[1650100611.025, '0']","[1650100641.025, '0']","[1650100671.025, '0']","[1650100701.025, '0']","[1650100731.025, '0']","[1650100761.025, '0']","[1650100791.03, '0']",,/run/snapd/ns,https-metrics,/,,10.1.0.32:10250,kubelet,/metrics/cadvisor,,,fv-az213-807,,kubelet
container_fs_reads_total,"[1650099081.025, '0']","[1650099111.028, '0']","[1650099141.025, '0']","[1650099171.025, '0']","[1650099201.029, '0']","[1650099231.03, '0']","[1650099261.025, '0']","[1650099291.025, '0']","[1650099321.025, '0']","[1650099351.025, '0']","[1650099381.025, '0']","[1650099411.025, '0']","[1650099441.025, '0']","[1650099471.029, '0']","[1650099501.029, '0']","[1650099531.025, '0']","[1650099561.025, '0']","[1650099591.03, '0']","[1650099621.025, '0']","[1650099651.025, '0']","[1650099681.028, '0']","[1650099711.025, '0']","[1650099741.025, '0']","[1650099771.025, '0']","[1650099801.025, '0']","[1650099831.028, '0']","[1650099861.028, '0']","[1650099891.028, '0']","[1650099921.025, '0']","[1650099951.028, '0']","[1650099981.028, '0']","[1650100011.025, '0']","[1650100041.031, '0']","[1650100071.025, '0']","[1650100101.029, '0']","[1650100131.025, '0']","[1650100161.03, '0']","[1650100191.025, '0']","[1650100221.025, '0']","[1650100251.025, '0']","[1650100281.025, '0']","[1650100311.029, '0']","[1650100341.03, '0']","[1650100371.033, '0']","[1650100401.025, '0']","[1650100431.031, '0']","[1650100461.031, '0']","[1650100491.025, '0']","[1650100521.031, '0']","[1650100551.025, '0']","[1650100581.031, '0']","[1650100611.025, '0']","[1650100641.025, '0']","[1650100671.025, '0']","[1650100701.025, '0']","[1650100731.025, '0']","[1650100761.025, '0']","[1650100791.03, '0']",,/sys/fs/cgroup,https-metrics,/,,10.1.0.32:10250,kubelet,/metrics/cadvisor,,,fv-az213-807,,kubelet
container_fs_reads_total,"[1650099081.025, '642']","[1650099111.028, '0']","[1650099141.025, '53']","[1650099171.025, '0']","[1650099201.029, '0']","[1650099231.03, '0']","[1650099261.025, '11']","[1650099291.025, '53']","[1650099321.025, '0']","[1650099351.025, '0']","[1650099381.025, '0']","[1650099411.025, '0']","[1650099441.025, '0']","[1650099471.029, '53']","[1650099501.029, '0']","[1650099531.025, '0']","[1650099561.025, '0']","[1650099591.03, '0']","[1650099621.025, '53']","[1650099651.025, '0']","[1650099681.028, '0']","[1650099711.025, '53']","[1650099741.025, '11']","[1650099771.025, '0']","[1650099801.025, '0']","[1650099831.028, '11']","[1650099861.028, '0']","[1650099891.028, '0']","[1650099921.025, '11']","[1650099951.028, '11']","[1650099981.028, '642']","[1650100011.025, '0']","[1650100041.031, '0']","[1650100071.025, '642']","[1650100101.029, '642']","[1650100131.025, '11']","[1650100161.03, '0']","[1650100191.025, '0']","[1650100221.025, '53']","[1650100251.025, '0']","[1650100281.025, '0']","[1650100311.029, '0']","[1650100341.03, '0']","[1650100371.033, '0']","[1650100401.025, '0']","[1650100431.031, '0']","[1650100461.031, '11']","[1650100491.025, '11']","[1650100521.031, '48']","[1650100551.025, '642']","[1650100581.031, '0']","[1650100611.025, '11']","[1650100641.025, '642']","[1650100671.025, '0']","[1650100701.025, '0']","[1650100731.025, '0']","[1650100761.025, '53']","[1650100791.03, '0']",,,https-metrics,/,,10.1.0.32:10250,kubelet,/metrics/cadvisor,,,fv-az213-807,,kubelet
