name,timestamp,value,endpoint,id,image,instance,interface,job,metrics_path,name,namespace,node,pod,service
container_network_receive_bytes_total,"[1650030636.301, '204684']","[1650030666.301, '248415']","[1650030696.301, '288074']","[1650030726.301, '327676']","[1650030756.301, '368649']","[1650030786.301, '409589']","[1650030816.301, '449193']","[1650030846.301, '488723']","[1650030876.301, '529917']","[1650030906.301, '579035']","[1650030936.301, '618689']","[1650030966.301, '660367']","[1650030996.301, '699725']","[1650031026.301, '730666']",https-metrics,/,,10.1.0.135:10250,cali0bd0235aecb,kubelet,/metrics/cadvisor,,,fv-az241-934,,kubelet
container_network_receive_bytes_total,"[1650030636.301, '250892']","[1650030666.301, '272770']","[1650030696.301, '297417']","[1650030726.301, '318033']","[1650030756.301, '338433']","[1650030786.301, '358862']","[1650030816.301, '379517']","[1650030846.301, '400101']","[1650030876.301, '442371']","[1650030906.301, '478572']","[1650030936.301, '516923']","[1650030966.301, '555331']","[1650030996.301, '591794']","[1650031026.301, '608936']",https-metrics,/,,10.1.0.135:10250,cali10cb872be70,kubelet,/metrics/cadvisor,,,fv-az241-934,,kubelet
container_network_receive_bytes_total,"[1650030636.301, '39975']","[1650030666.301, '63752']","[1650030696.301, '87459']","[1650030726.301, '111274']","[1650030756.301, '135008']","[1650030786.301, '158328']","[1650030816.301, '182337']","[1650030846.301, '206038']","[1650030876.301, '230253']","[1650030906.301, '254021']","[1650030936.301, '276809']","[1650030966.301, '301338']","[1650030996.301, '325073']","[1650031026.301, '335030']",https-metrics,/,,10.1.0.135:10250,cali11239f98883,kubelet,/metrics/cadvisor,,,fv-az241-934,,kubelet
container_network_receive_bytes_total,"[1650030636.301, '35268']","[1650030666.301, '58451']","[1650030696.301, '82105']","[1650030726.301, '106185']","[1650030756.301, '130458']","[1650030786.301, '153337']","[1650030816.301, '177307']","[1650030846.301, '200237']","[1650030876.301, '224256']","[1650030906.301, '247891']","[1650030936.301, '271248']","[1650030966.301, '294063']","[1650030996.301, '317874']","[1650031026.301, '338202']",https-metrics,/,,10.1.0.135:10250,cali15c7619fccc,kubelet,/metrics/cadvisor,,,fv-az241-934,,kubelet
container_network_receive_bytes_total,"[1650030636.301, '18804']","[1650030666.301, '19242']","[1650030696.301, '19524']","[1650030726.301, '19764']","[1650030756.301, '20046']","[1650030786.301, '23516']","[1650030816.301, '23826']","[1650030846.301, '24132']","[1650030876.301, '25973']","[1650030906.301, '26255']","[1650030936.301, '26495']","[1650030966.301, '26843']","[1650030996.301, '27191']","[1650031026.301, '27365']",https-metrics,/,,10.1.0.135:10250,cali19bd9528fdc,kubelet,/metrics/cadvisor,,,fv-az241-934,,kubelet
container_network_receive_bytes_total,"[1650030636.301, '136987']","[1650030666.301, '195026']","[1650030696.301, '250571']","[1650030726.301, '308142']","[1650030756.301, '361761']","[1650030786.301, '415119']","[1650030816.301, '471858']","[1650030846.301, '526564']","[1650030876.301, '580421']","[1650030906.301, '637773']","[1650030936.301, '692306']","[1650030966.301, '746132']","[1650030996.301, '806161']","[1650031026.301, '848352']",https-metrics,/,,10.1.0.135:10250,cali1abad8afd57,kubelet,/metrics/cadvisor,,,fv-az241-934,,kubelet
container_network_receive_bytes_total,"[1650030636.301, '843653']","[1650030666.301, '860747']","[1650030696.301, '870340']","[1650030726.301, '879992']","[1650030756.301, '899046']","[1650030786.301, '912282']","[1650030816.301, '924212']","[1650030846.301, '933648']","[1650030876.301, '942952']","[1650030906.301, '955537']","[1650030936.301, '980945']","[1650030966.301, '1001795']","[1650030996.301, '1014715']","[1650031026.301, '1024236']",https-metrics,/,,10.1.0.135:10250,cali2a86be57fec,kubelet,/metrics/cadvisor,,,fv-az241-934,,kubelet
container_network_receive_bytes_total,"[1650030636.301, '209012']","[1650030666.301, '220228']","[1650030696.301, '229318']","[1650030726.301, '238408']","[1650030756.301, '249162']","[1650030786.301, '259927']","[1650030816.301, '269153']","[1650030846.301, '278375']","[1650030876.301, '289205']","[1650030906.301, '298295']","[1650030936.301, '309445']","[1650030966.301, '318535']","[1650030996.301, '327625']","[1650031026.301, '333795']",https-metrics,/,,10.1.0.135:10250,cali3b2644cc03c,kubelet,/metrics/cadvisor,,,fv-az241-934,,kubelet
container_network_receive_bytes_total,"[1650030636.301, '20642']","[1650030666.301, '25022']","[1650030696.301, '29279']","[1650030726.301, '33874']","[1650030756.301, '38063']","[1650030786.301, '48592']","[1650030816.301, '53000']","[1650030846.301, '57409']","[1650030876.301, '62034']","[1650030906.301, '66311']","[1650030936.301, '76916']","[1650030966.301, '85425']","[1650030996.301, '89870']","[1650031026.301, '90134']",https-metrics,/,,10.1.0.135:10250,cali43d2c9ab283,kubelet,/metrics/cadvisor,,,fv-az241-934,,kubelet
container_network_receive_bytes_total,"[1650030636.301, '18443']","[1650030666.301, '40957']","[1650030696.301, '63375']","[1650030726.301, '86462']","[1650030756.301, '108378']","[1650030786.301, '130453']","[1650030816.301, '152515']","[1650030846.301, '174579']","[1650030876.301, '196703']","[1650030906.301, '223752']","[1650030936.301, '245748']","[1650030966.301, '267807']","[1650030996.301, '289882']","[1650031026.301, '306265']",https-metrics,/,,10.1.0.135:10250,cali49a869c22bd,kubelet,/metrics/cadvisor,,,fv-az241-934,,kubelet
container_network_receive_bytes_total,"[1650030636.301, '126901']","[1650030666.301, '133724']","[1650030696.301, '138224']","[1650030726.301, '142196']","[1650030756.301, '152223']","[1650030786.301, '162367']","[1650030816.301, '169575']","[1650030846.301, '175317']","[1650030876.301, '179223']","[1650030906.301, '199123']","[1650030936.301, '203161']","[1650030966.301, '209212']","[1650030996.301, '214386']","[1650031026.301, '217012']",https-metrics,/,,10.1.0.135:10250,cali50ae499512f,kubelet,/metrics/cadvisor,,,fv-az241-934,,kubelet
container_network_receive_bytes_total,"[1650030636.301, '57779']","[1650030666.301, '63338']","[1650030696.301, '68365']","[1650030726.301, '74331']","[1650030756.301, '79230']","[1650030786.301, '83993']","[1650030816.301, '88888']","[1650030846.301, '93651']","[1650030876.301, '98550']","[1650030906.301, '103313']","[1650030936.301, '108142']","[1650030966.301, '112905']","[1650030996.301, '117800']","[1650031026.301, '122703']",https-metrics,/,,10.1.0.135:10250,cali8385348e11e,kubelet,/metrics/cadvisor,,,fv-az241-934,,kubelet
container_network_receive_bytes_total,"[1650030636.301, '56095']","[1650030666.301, '61596']","[1650030696.301, '66986']","[1650030726.301, '72095']","[1650030756.301, '76924']","[1650030786.301, '81753']","[1650030816.301, '86714']","[1650030846.301, '91613']","[1650030876.301, '96376']","[1650030906.301, '101205']","[1650030936.301, '107657']","[1650030966.301, '112486']","[1650030996.301, '117447']","[1650031026.301, '121088']",https-metrics,/,,10.1.0.135:10250,cali875348b5cee,kubelet,/metrics/cadvisor,,,fv-az241-934,,kubelet
container_network_receive_bytes_total,"[1650030636.301, '30074']","[1650030666.301, '53660']","[1650030696.301, '77834']","[1650030726.301, '101222']","[1650030756.301, '124941']","[1650030786.301, '148415']","[1650030816.301, '172629']","[1650030846.301, '196439']","[1650030876.301, '220161']","[1650030906.301, '244379']","[1650030936.301, '268358']","[1650030966.301, '292474']","[1650030996.301, '315414']","[1650031026.301, '335207']",https-metrics,/,,10.1.0.135:10250,cali8bac6c0ff3f,kubelet,/metrics/cadvisor,,,fv-az241-934,,kubelet
container_network_receive_bytes_total,"[1650030666.301, '2632']","[1650030696.301, '3616']","[1650030726.301, '4143']","[1650030756.301, '4209']","[1650030786.301, '4724']","[1650030816.301, '4790']","[1650030846.301, '5181']","[1650030876.301, '6219']","[1650030906.301, '6652']","[1650030936.301, '7830']","[1650030966.301, '9788']","[1650030996.301, '10311']","[1650031026.301, '10551']",https-metrics,/,,10.1.0.135:10250,calib465774e6bc,kubelet,/metrics/cadvisor,,,fv-az241-934,,kubelet
container_network_receive_bytes_total,"[1650030636.301, '9257']","[1650030666.301, '19504']","[1650030696.301, '30299']","[1650030726.301, '41055']","[1650030756.301, '51393']","[1650030786.301, '63901']","[1650030816.301, '74074']","[1650030846.301, '84283']","[1650030876.301, '94696']","[1650030906.301, '105102']","[1650030936.301, '115921']","[1650030966.301, '126411']","[1650030996.301, '137187']","[1650031026.301, '142865']",https-metrics,/,,10.1.0.135:10250,calib62b31096bc,kubelet,/metrics/cadvisor,,,fv-az241-934,,kubelet
container_network_receive_bytes_total,"[1650030636.301, '936']","[1650030666.301, '936']","[1650030696.301, '936']","[1650030726.301, '936']","[1650030756.301, '936']","[1650030786.301, '936']","[1650030816.301, '936']","[1650030846.301, '936']","[1650030876.301, '1006']","[1650030906.301, '1006']","[1650030936.301, '1006']","[1650030966.301, '1006']","[1650030996.301, '1006']","[1650031026.301, '1006']",https-metrics,/,,10.1.0.135:10250,calic1116e23560,kubelet,/metrics/cadvisor,,,fv-az241-934,,kubelet
container_network_receive_bytes_total,"[1650030636.301, '779338']","[1650030666.301, '1412633']","[1650030696.301, '2045217']","[1650030726.301, '2678075']","[1650030756.301, '3309989']","[1650030786.301, '3955293']","[1650030816.301, '4586807']","[1650030846.301, '5218127']","[1650030876.301, '5850970']","[1650030906.301, '6488123']","[1650030936.301, '7137279']","[1650030966.301, '7786336']","[1650030996.301, '8422263']","[1650031026.301, '8738677']",https-metrics,/,,10.1.0.135:10250,calid2fc53b9ec7,kubelet,/metrics/cadvisor,,,fv-az241-934,,kubelet
container_network_receive_bytes_total,"[1650030636.301, '140112']","[1650030666.301, '195599']","[1650030696.301, '247369']","[1650030726.301, '303184']","[1650030756.301, '354205']","[1650030786.301, '405034']","[1650030816.301, '459190']","[1650030846.301, '510800']","[1650030876.301, '562601']","[1650030906.301, '616892']","[1650030936.301, '670000']","[1650030966.301, '722875']","[1650030996.301, '777505']","[1650031026.301, '818100']",https-metrics,/,,10.1.0.135:10250,calid75abf4f5e0,kubelet,/metrics/cadvisor,,,fv-az241-934,,kubelet
container_network_receive_bytes_total,"[1650030636.301, '273371']","[1650030666.301, '318401']","[1650030696.301, '363988']","[1650030726.301, '403473']","[1650030756.301, '444949']","[1650030786.301, '484113']","[1650030816.301, '525311']","[1650030846.301, '581980']","[1650030876.301, '607257']","[1650030906.301, '632118']","[1650030936.301, '657164']","[1650030966.301, '681710']","[1650030996.301, '706855']","[1650031026.301, '717716']",https-metrics,/,,10.1.0.135:10250,calie385da95897,kubelet,/metrics/cadvisor,,,fv-az241-934,,kubelet
container_network_receive_bytes_total,"[1650030636.301, '9140']","[1650030666.301, '18554']","[1650030696.301, '27982']","[1650030726.301, '37465']","[1650030756.301, '46790']","[1650030786.301, '56314']","[1650030816.301, '65901']","[1650030846.301, '75747']","[1650030876.301, '86763']","[1650030906.301, '97228']","[1650030936.301, '107692']","[1650030966.301, '118669']","[1650030996.301, '129115']","[1650031026.301, '134785']",https-metrics,/,,10.1.0.135:10250,calif9b29645ac2,kubelet,/metrics/cadvisor,,,fv-az241-934,,kubelet
container_network_receive_bytes_total,"[1650030636.301, '7598']","[1650030666.301, '17071']","[1650030696.301, '27175']","[1650030726.301, '37536']","[1650030756.301, '47973']","[1650030786.301, '58694']","[1650030816.301, '69118']","[1650030846.301, '79303']","[1650030876.301, '90120']","[1650030906.301, '100601']","[1650030936.301, '111900']","[1650030966.301, '122416']","[1650030996.301, '133138']","[1650031026.301, '143934']",https-metrics,/,,10.1.0.135:10250,calife35b2d27da,kubelet,/metrics/cadvisor,,,fv-az241-934,,kubelet
container_network_receive_bytes_total,"[1650030636.301, '1331447007']","[1650030666.301, '1331502860']","[1650030696.301, '1331525021']","[1650030726.301, '1331572228']","[1650030756.301, '1331591882']","[1650030786.301, '1331621971']","[1650030816.301, '1331641591']","[1650030846.301, '1331671939']","[1650030876.301, '1331695204']","[1650030906.301, '1331822227']","[1650030936.301, '1331844004']","[1650030966.301, '1331873058']","[1650030996.301, '1331895665']","[1650031026.301, '1351182326']",https-metrics,/,,10.1.0.135:10250,eth0,kubelet,/metrics/cadvisor,,,fv-az241-934,,kubelet
container_network_receive_bytes_total,"[1650030636.301, '0']","[1650030666.301, '0']","[1650030696.301, '0']","[1650030726.301, '0']","[1650030756.301, '0']","[1650030786.301, '0']","[1650030816.301, '0']","[1650030846.301, '0']","[1650030876.301, '0']","[1650030906.301, '0']","[1650030936.301, '0']","[1650030966.301, '0']","[1650030996.301, '0']","[1650031026.301, '0']",https-metrics,/,,10.1.0.135:10250,tunl0,kubelet,/metrics/cadvisor,,,fv-az241-934,,kubelet
container_network_receive_bytes_total,"[1650030666.301, '3178']","[1650030696.301, '4142']","[1650030726.301, '4624']","[1650030756.301, '4690']","[1650030786.301, '5108']","[1650030816.301, '5174']","[1650030846.301, '5380']","[1650030876.301, '6556']","[1650030906.301, '6762']","[1650030936.301, '7352']","[1650030966.301, '8316']","[1650030996.301, '11372']","[1650031026.301, '11888']",https-metrics,/kubepods/besteffort/pod110be6a4-8688-4142-bd2d-275da0de7b52/a3206fbddd5c94794d217bb151f8fe226da22503e38c2e93756f176425eca67f,docker.io/rancher/mirrored-pause:3.5,10.1.0.135:10250,eth0,kubelet,/metrics/cadvisor,a3206fbddd5c94794d217bb151f8fe226da22503e38c2e93756f176425eca67f,default,fv-az241-934,k6,kubelet
container_network_receive_bytes_total,"[1650030666.301, '0']","[1650030696.301, '0']","[1650030726.301, '0']","[1650030756.301, '0']","[1650030786.301, '0']","[1650030816.301, '0']","[1650030846.301, '0']","[1650030876.301, '0']","[1650030906.301, '0']","[1650030936.301, '0']","[1650030966.301, '0']","[1650030996.301, '0']","[1650031026.301, '0']",https-metrics,/kubepods/besteffort/pod110be6a4-8688-4142-bd2d-275da0de7b52/a3206fbddd5c94794d217bb151f8fe226da22503e38c2e93756f176425eca67f,docker.io/rancher/mirrored-pause:3.5,10.1.0.135:10250,tunl0,kubelet,/metrics/cadvisor,a3206fbddd5c94794d217bb151f8fe226da22503e38c2e93756f176425eca67f,default,fv-az241-934,k6,kubelet
container_network_receive_bytes_total,"[1650030636.301, '1735726']","[1650030666.301, '1807768']","[1650030696.301, '1814674']","[1650030726.301, '1818907']","[1650030756.301, '1834331']","[1650030786.301, '1842672']","[1650030816.301, '1848000']","[1650030846.301, '1851942']","[1650030876.301, '1858051']","[1650030906.301, '1863313']","[1650030936.301, '1866799']","[1650030966.301, '1905654']","[1650030996.301, '1910916']","[1650031026.301, '1914957']",https-metrics,/kubepods/besteffort/pod3764ecc0-200d-4cd2-8674-a814254ceef8/8b3d66daae60a3a0d15aeb778322f3d2a32d1e324dbff51669d1b13e2e89e775,docker.io/rancher/mirrored-pause:3.5,10.1.0.135:10250,eth0,kubelet,/metrics/cadvisor,8b3d66daae60a3a0d15aeb778322f3d2a32d1e324dbff51669d1b13e2e89e775,kube-system,fv-az241-934,calico-kube-controllers-654b987fd9-wj55d,kubelet
container_network_receive_bytes_total,"[1650030636.301, '0']","[1650030666.301, '0']","[1650030696.301, '0']","[1650030726.301, '0']","[1650030756.301, '0']","[1650030786.301, '0']","[1650030816.301, '0']","[1650030846.301, '0']","[1650030876.301, '0']","[1650030906.301, '0']","[1650030936.301, '0']","[1650030966.301, '0']","[1650030996.301, '0']","[1650031026.301, '0']",https-metrics,/kubepods/besteffort/pod3764ecc0-200d-4cd2-8674-a814254ceef8/8b3d66daae60a3a0d15aeb778322f3d2a32d1e324dbff51669d1b13e2e89e775,docker.io/rancher/mirrored-pause:3.5,10.1.0.135:10250,tunl0,kubelet,/metrics/cadvisor,8b3d66daae60a3a0d15aeb778322f3d2a32d1e324dbff51669d1b13e2e89e775,kube-system,fv-az241-934,calico-kube-controllers-654b987fd9-wj55d,kubelet
container_network_receive_bytes_total,"[1650030636.301, '15735']","[1650030666.301, '16257']","[1650030696.301, '16539']","[1650030726.301, '16779']","[1650030756.301, '17061']","[1650030786.301, '17987']","[1650030816.301, '18227']","[1650030846.301, '18533']","[1650030876.301, '19038']","[1650030906.301, '19236']","[1650030936.301, '19560']","[1650030966.301, '19908']","[1650030996.301, '20322']","[1650031026.301, '20538']",https-metrics,/kubepods/besteffort/pod3ecdce28-7cb1-4bb5-a92e-67541357f2f5/8fc2d0c7390715ffa9c37d2751c599c73d9508ed8aeb2701d57ef924abe0a26c,docker.io/rancher/mirrored-pause:3.5,10.1.0.135:10250,eth0,kubelet,/metrics/cadvisor,8fc2d0c7390715ffa9c37d2751c599c73d9508ed8aeb2701d57ef924abe0a26c,kube-system,fv-az241-934,local-path-provisioner-84bb864455-c6b8r,kubelet
container_network_receive_bytes_total,"[1650030636.301, '0']","[1650030666.301, '0']","[1650030696.301, '0']","[1650030726.301, '0']","[1650030756.301, '0']","[1650030786.301, '0']","[1650030816.301, '0']","[1650030846.301, '0']","[1650030876.301, '0']","[1650030906.301, '0']","[1650030936.301, '0']","[1650030966.301, '0']","[1650030996.301, '0']","[1650031026.301, '0']",https-metrics,/kubepods/besteffort/pod3ecdce28-7cb1-4bb5-a92e-67541357f2f5/8fc2d0c7390715ffa9c37d2751c599c73d9508ed8aeb2701d57ef924abe0a26c,docker.io/rancher/mirrored-pause:3.5,10.1.0.135:10250,tunl0,kubelet,/metrics/cadvisor,8fc2d0c7390715ffa9c37d2751c599c73d9508ed8aeb2701d57ef924abe0a26c,kube-system,fv-az241-934,local-path-provisioner-84bb864455-c6b8r,kubelet
container_network_receive_bytes_total,"[1650030636.301, '446']","[1650030666.301, '446']","[1650030696.301, '446']","[1650030726.301, '446']","[1650030756.301, '446']","[1650030786.301, '446']","[1650030816.301, '446']","[1650030846.301, '446']","[1650030876.301, '446']","[1650030906.301, '446']","[1650030936.301, '446']","[1650030966.301, '446']","[1650030996.301, '446']","[1650031026.301, '446']",https-metrics,/kubepods/besteffort/pod4721ba25-8400-4ed0-b82b-22ebec927693/907561bb9b0af87a43d8c2dbf9496340cb89a153d0471b985e30269a653b28b1,docker.io/rancher/mirrored-pause:3.5,10.1.0.135:10250,eth0,kubelet,/metrics/cadvisor,907561bb9b0af87a43d8c2dbf9496340cb89a153d0471b985e30269a653b28b1,kube-system,fv-az241-934,svclb-traefik-hkgnz,kubelet
container_network_receive_bytes_total,"[1650030636.301, '0']","[1650030666.301, '0']","[1650030696.301, '0']","[1650030726.301, '0']","[1650030756.301, '0']","[1650030786.301, '0']","[1650030816.301, '0']","[1650030846.301, '0']","[1650030876.301, '0']","[1650030906.301, '0']","[1650030936.301, '0']","[1650030966.301, '0']","[1650030996.301, '0']","[1650031026.301, '0']",https-metrics,/kubepods/besteffort/pod4721ba25-8400-4ed0-b82b-22ebec927693/907561bb9b0af87a43d8c2dbf9496340cb89a153d0471b985e30269a653b28b1,docker.io/rancher/mirrored-pause:3.5,10.1.0.135:10250,tunl0,kubelet,/metrics/cadvisor,907561bb9b0af87a43d8c2dbf9496340cb89a153d0471b985e30269a653b28b1,kube-system,fv-az241-934,svclb-traefik-hkgnz,kubelet
container_network_receive_bytes_total,"[1650030636.301, '656020']","[1650030666.301, '662353']","[1650030696.301, '666591']","[1650030726.301, '670395']","[1650030756.301, '675793']","[1650030786.301, '681834']","[1650030816.301, '687361']","[1650030846.301, '692813']","[1650030876.301, '698064']","[1650030906.301, '701631']","[1650030936.301, '807649']","[1650030966.301, '812564']","[1650030996.301, '816884']","[1650031026.301, '822808']",https-metrics,/kubepods/besteffort/poda98fa835-6645-424f-88f8-949b2b7e7ef6/d461e36f680b8b1b8ec621206226bbc99d7531c3cdad363ae231f580be24faae,docker.io/rancher/mirrored-pause:3.5,10.1.0.135:10250,eth0,kubelet,/metrics/cadvisor,d461e36f680b8b1b8ec621206226bbc99d7531c3cdad363ae231f580be24faae,kube-system,fv-az241-934,traefik-56c4b88c4b-pw2wh,kubelet
container_network_receive_bytes_total,"[1650030636.301, '0']","[1650030666.301, '0']","[1650030696.301, '0']","[1650030726.301, '0']","[1650030756.301, '0']","[1650030786.301, '0']","[1650030816.301, '0']","[1650030846.301, '0']","[1650030876.301, '0']","[1650030906.301, '0']","[1650030936.301, '0']","[1650030966.301, '0']","[1650030996.301, '0']","[1650031026.301, '0']",https-metrics,/kubepods/besteffort/poda98fa835-6645-424f-88f8-949b2b7e7ef6/d461e36f680b8b1b8ec621206226bbc99d7531c3cdad363ae231f580be24faae,docker.io/rancher/mirrored-pause:3.5,10.1.0.135:10250,tunl0,kubelet,/metrics/cadvisor,d461e36f680b8b1b8ec621206226bbc99d7531c3cdad363ae231f580be24faae,kube-system,fv-az241-934,traefik-56c4b88c4b-pw2wh,kubelet
container_network_receive_bytes_total,"[1650030636.301, '409887']","[1650030666.301, '414817']","[1650030696.301, '427834']","[1650030726.301, '441880']","[1650030756.301, '453577']","[1650030786.301, '476026']","[1650030816.301, '487240']","[1650030846.301, '498256']","[1650030876.301, '519730']","[1650030906.301, '535127']","[1650030936.301, '562747']","[1650030966.301, '598098']","[1650030996.301, '610045']","[1650031026.301, '631517']",https-metrics,/kubepods/burstable/pod04217a19-5a94-466c-bca4-fb65ef254a5b/ca716ab25c2258e7feda17efa29e3e7331eed41047330365380a7d60d954b7a6,docker.io/rancher/mirrored-pause:3.5,10.1.0.135:10250,eth0,kubelet,/metrics/cadvisor,ca716ab25c2258e7feda17efa29e3e7331eed41047330365380a7d60d954b7a6,monitoring,fv-az241-934,prometheus-adapter-8587b9cf9b-zbdnb,kubelet
container_network_receive_bytes_total,"[1650030636.301, '0']","[1650030666.301, '0']","[1650030696.301, '0']","[1650030726.301, '0']","[1650030756.301, '0']","[1650030786.301, '0']","[1650030816.301, '0']","[1650030846.301, '0']","[1650030876.301, '0']","[1650030906.301, '0']","[1650030936.301, '0']","[1650030966.301, '0']","[1650030996.301, '0']","[1650031026.301, '0']",https-metrics,/kubepods/burstable/pod04217a19-5a94-466c-bca4-fb65ef254a5b/ca716ab25c2258e7feda17efa29e3e7331eed41047330365380a7d60d954b7a6,docker.io/rancher/mirrored-pause:3.5,10.1.0.135:10250,tunl0,kubelet,/metrics/cadvisor,ca716ab25c2258e7feda17efa29e3e7331eed41047330365380a7d60d954b7a6,monitoring,fv-az241-934,prometheus-adapter-8587b9cf9b-zbdnb,kubelet
container_network_receive_bytes_total,"[1650030636.301, '294752']","[1650030666.301, '322031']","[1650030696.301, '331942']","[1650030726.301, '342517']","[1650030756.301, '353163']","[1650030786.301, '362652']","[1650030816.301, '372335']","[1650030846.301, '382786']","[1650030876.301, '390880']","[1650030906.301, '401169']","[1650030936.301, '416431']","[1650030966.301, '426086']","[1650030996.301, '437523']","[1650031026.301, '447702']",https-metrics,/kubepods/burstable/pod0b10b410-d8ae-4095-b729-572899363744/9823a4abf24c0eaaf7653dcac91ff374db53755709021eb503445c0f994530fd,docker.io/rancher/mirrored-pause:3.5,10.1.0.135:10250,eth0,kubelet,/metrics/cadvisor,9823a4abf24c0eaaf7653dcac91ff374db53755709021eb503445c0f994530fd,monitoring,fv-az241-934,prometheus-service-prometheus-0,kubelet
container_network_receive_bytes_total,"[1650030636.301, '0']","[1650030666.301, '0']","[1650030696.301, '0']","[1650030726.301, '0']","[1650030756.301, '0']","[1650030786.301, '0']","[1650030816.301, '0']","[1650030846.301, '0']","[1650030876.301, '0']","[1650030906.301, '0']","[1650030936.301, '0']","[1650030966.301, '0']","[1650030996.301, '0']","[1650031026.301, '0']",https-metrics,/kubepods/burstable/pod0b10b410-d8ae-4095-b729-572899363744/9823a4abf24c0eaaf7653dcac91ff374db53755709021eb503445c0f994530fd,docker.io/rancher/mirrored-pause:3.5,10.1.0.135:10250,tunl0,kubelet,/metrics/cadvisor,9823a4abf24c0eaaf7653dcac91ff374db53755709021eb503445c0f994530fd,monitoring,fv-az241-934,prometheus-service-prometheus-0,kubelet
container_network_receive_bytes_total,"[1650030636.301, '34349']","[1650030666.301, '49233']","[1650030696.301, '64191']","[1650030726.301, '84146']","[1650030756.301, '99430']","[1650030786.301, '108682']","[1650030816.301, '130206']","[1650030846.301, '144526']","[1650030876.301, '161214']","[1650030906.301, '179422']","[1650030936.301, '193667']","[1650030966.301, '212240']","[1650030996.301, '230128']","[1650031026.301, '244517']",https-metrics,/kubepods/burstable/pod1e1cdea4-0c91-4ea9-bd35-0f499c0f4230/131386e221512a7c318ddbfc4cdb109037925285c9f3e40b7dd8e076443f5906,docker.io/rancher/mirrored-pause:3.5,10.1.0.135:10250,eth0,kubelet,/metrics/cadvisor,131386e221512a7c318ddbfc4cdb109037925285c9f3e40b7dd8e076443f5906,monitoring,fv-az241-934,alertmanager-main-1,kubelet
container_network_receive_bytes_total,"[1650030636.301, '0']","[1650030666.301, '0']","[1650030696.301, '0']","[1650030726.301, '0']","[1650030756.301, '0']","[1650030786.301, '0']","[1650030816.301, '0']","[1650030846.301, '0']","[1650030876.301, '0']","[1650030906.301, '0']","[1650030936.301, '0']","[1650030966.301, '0']","[1650030996.301, '0']","[1650031026.301, '0']",https-metrics,/kubepods/burstable/pod1e1cdea4-0c91-4ea9-bd35-0f499c0f4230/131386e221512a7c318ddbfc4cdb109037925285c9f3e40b7dd8e076443f5906,docker.io/rancher/mirrored-pause:3.5,10.1.0.135:10250,tunl0,kubelet,/metrics/cadvisor,131386e221512a7c318ddbfc4cdb109037925285c9f3e40b7dd8e076443f5906,monitoring,fv-az241-934,alertmanager-main-1,kubelet
container_network_receive_bytes_total,"[1650030636.301, '29057']","[1650030666.301, '49262']","[1650030696.301, '68504']","[1650030726.301, '85499']","[1650030756.301, '99294']","[1650030786.301, '115871']","[1650030816.301, '129429']","[1650030846.301, '146372']","[1650030876.301, '164460']","[1650030906.301, '181974']","[1650030936.301, '192604']","[1650030966.301, '209608']","[1650030996.301, '220902']","[1650031026.301, '246561']",https-metrics,/kubepods/burstable/pod32c7850e-924a-438d-acd7-a8f55916194c/53c10aafdaf536cc2257080bbed9ca8968f6963c7dd2db7c5181d7c6e34b6f7b,docker.io/rancher/mirrored-pause:3.5,10.1.0.135:10250,eth0,kubelet,/metrics/cadvisor,53c10aafdaf536cc2257080bbed9ca8968f6963c7dd2db7c5181d7c6e34b6f7b,monitoring,fv-az241-934,alertmanager-main-0,kubelet
container_network_receive_bytes_total,"[1650030636.301, '0']","[1650030666.301, '0']","[1650030696.301, '0']","[1650030726.301, '0']","[1650030756.301, '0']","[1650030786.301, '0']","[1650030816.301, '0']","[1650030846.301, '0']","[1650030876.301, '0']","[1650030906.301, '0']","[1650030936.301, '0']","[1650030966.301, '0']","[1650030996.301, '0']","[1650031026.301, '0']",https-metrics,/kubepods/burstable/pod32c7850e-924a-438d-acd7-a8f55916194c/53c10aafdaf536cc2257080bbed9ca8968f6963c7dd2db7c5181d7c6e34b6f7b,docker.io/rancher/mirrored-pause:3.5,10.1.0.135:10250,tunl0,kubelet,/metrics/cadvisor,53c10aafdaf536cc2257080bbed9ca8968f6963c7dd2db7c5181d7c6e34b6f7b,monitoring,fv-az241-934,alertmanager-main-0,kubelet
container_network_receive_bytes_total,"[1650030636.301, '1072893']","[1650030666.301, '1889588']","[1650030696.301, '2739006']","[1650030726.301, '3633870']","[1650030756.301, '4488505']","[1650030786.301, '5441072']","[1650030816.301, '5845928']","[1650030846.301, '7026989']","[1650030876.301, '7561888']","[1650030906.301, '8757857']","[1650030936.301, '9757030']","[1650030966.301, '10157530']","[1650030996.301, '11348624']","[1650031026.301, '12225785']",https-metrics,/kubepods/burstable/pod38ef93f4-f00f-4482-ab0c-87c456906afb/86c1610ac93c1a6ba99dfb7a4663b7ae71c1cf91aa3edd03e39efea06730a688,docker.io/rancher/mirrored-pause:3.5,10.1.0.135:10250,eth0,kubelet,/metrics/cadvisor,86c1610ac93c1a6ba99dfb7a4663b7ae71c1cf91aa3edd03e39efea06730a688,monitoring,fv-az241-934,prometheus-k8s-1,kubelet
container_network_receive_bytes_total,"[1650030636.301, '0']","[1650030666.301, '0']","[1650030696.301, '0']","[1650030726.301, '0']","[1650030756.301, '0']","[1650030786.301, '0']","[1650030816.301, '0']","[1650030846.301, '0']","[1650030876.301, '0']","[1650030906.301, '0']","[1650030936.301, '0']","[1650030966.301, '0']","[1650030996.301, '0']","[1650031026.301, '0']",https-metrics,/kubepods/burstable/pod38ef93f4-f00f-4482-ab0c-87c456906afb/86c1610ac93c1a6ba99dfb7a4663b7ae71c1cf91aa3edd03e39efea06730a688,docker.io/rancher/mirrored-pause:3.5,10.1.0.135:10250,tunl0,kubelet,/metrics/cadvisor,86c1610ac93c1a6ba99dfb7a4663b7ae71c1cf91aa3edd03e39efea06730a688,monitoring,fv-az241-934,prometheus-k8s-1,kubelet
container_network_receive_bytes_total,"[1650030636.301, '427755']","[1650030666.301, '466906']","[1650030696.301, '494891']","[1650030726.301, '518564']","[1650030756.301, '546901']","[1650030786.301, '559173']","[1650030816.301, '585456']","[1650030846.301, '612264']","[1650030876.301, '624594']","[1650030906.301, '637844']","[1650030936.301, '651772']","[1650030966.301, '673812']","[1650030996.301, '687238']","[1650031026.301, '699820']",https-metrics,/kubepods/burstable/pod65710e9b-8fb8-4565-9532-429351cab0f6/a32d22b3da5bbdfb8ca03deb1050f74d18bf9da0e0f0901aecb5a890a37d7cd4,docker.io/rancher/mirrored-pause:3.5,10.1.0.135:10250,eth0,kubelet,/metrics/cadvisor,a32d22b3da5bbdfb8ca03deb1050f74d18bf9da0e0f0901aecb5a890a37d7cd4,monitoring,fv-az241-934,prometheus-adapter-8587b9cf9b-zpxjr,kubelet
container_network_receive_bytes_total,"[1650030636.301, '0']","[1650030666.301, '0']","[1650030696.301, '0']","[1650030726.301, '0']","[1650030756.301, '0']","[1650030786.301, '0']","[1650030816.301, '0']","[1650030846.301, '0']","[1650030876.301, '0']","[1650030906.301, '0']","[1650030936.301, '0']","[1650030966.301, '0']","[1650030996.301, '0']","[1650031026.301, '0']",https-metrics,/kubepods/burstable/pod65710e9b-8fb8-4565-9532-429351cab0f6/a32d22b3da5bbdfb8ca03deb1050f74d18bf9da0e0f0901aecb5a890a37d7cd4,docker.io/rancher/mirrored-pause:3.5,10.1.0.135:10250,tunl0,kubelet,/metrics/cadvisor,a32d22b3da5bbdfb8ca03deb1050f74d18bf9da0e0f0901aecb5a890a37d7cd4,monitoring,fv-az241-934,prometheus-adapter-8587b9cf9b-zpxjr,kubelet
container_network_receive_bytes_total,"[1650030636.301, '18148']","[1650030666.301, '20944']","[1650030696.301, '24260']","[1650030726.301, '27798']","[1650030756.301, '29650']","[1650030786.301, '34166']","[1650030816.301, '37284']","[1650030846.301, '40468']","[1650030876.301, '44040']","[1650030906.301, '47158']","[1650030936.301, '48995']","[1650030966.301, '53072']","[1650030996.301, '56190']","[1650031026.301, '59308']",https-metrics,/kubepods/burstable/pod6bb10893-36db-4e95-a612-ebacfa77cd47/400182c6260d325a330c8cb19b1d0fe95ec80bb2375e6d833ea694cc7bd28fcb,docker.io/rancher/mirrored-pause:3.5,10.1.0.135:10250,eth0,kubelet,/metrics/cadvisor,400182c6260d325a330c8cb19b1d0fe95ec80bb2375e6d833ea694cc7bd28fcb,monitoring,fv-az241-934,grafana-7476b4c65b-sdsfp,kubelet
container_network_receive_bytes_total,"[1650030636.301, '0']","[1650030666.301, '0']","[1650030696.301, '0']","[1650030726.301, '0']","[1650030756.301, '0']","[1650030786.301, '0']","[1650030816.301, '0']","[1650030846.301, '0']","[1650030876.301, '0']","[1650030906.301, '0']","[1650030936.301, '0']","[1650030966.301, '0']","[1650030996.301, '0']","[1650031026.301, '0']",https-metrics,/kubepods/burstable/pod6bb10893-36db-4e95-a612-ebacfa77cd47/400182c6260d325a330c8cb19b1d0fe95ec80bb2375e6d833ea694cc7bd28fcb,docker.io/rancher/mirrored-pause:3.5,10.1.0.135:10250,tunl0,kubelet,/metrics/cadvisor,400182c6260d325a330c8cb19b1d0fe95ec80bb2375e6d833ea694cc7bd28fcb,monitoring,fv-az241-934,grafana-7476b4c65b-sdsfp,kubelet
container_network_receive_bytes_total,"[1650030636.301, '446']","[1650030666.301, '14359']","[1650030696.301, '17609']","[1650030726.301, '20859']","[1650030756.301, '25593']","[1650030786.301, '32431']","[1650030816.301, '36423']","[1650030846.301, '42659']","[1650030876.301, '45999']","[1650030906.301, '46263']","[1650030936.301, '49447']","[1650030966.301, '61545']","[1650030996.301, '66261']","[1650031026.301, '68051']",https-metrics,/kubepods/burstable/pod6eb62ddc-90f3-4872-b310-6a4ed45edf5b/b54b959e5ec05e0a142fb88eeb267a3a18648489811a36ed2e4935fb489506b9,docker.io/rancher/mirrored-pause:3.5,10.1.0.135:10250,eth0,kubelet,/metrics/cadvisor,b54b959e5ec05e0a142fb88eeb267a3a18648489811a36ed2e4935fb489506b9,monitoring,fv-az241-934,blackbox-exporter-6798fb5bb4-dttqq,kubelet
container_network_receive_bytes_total,"[1650030636.301, '0']","[1650030666.301, '0']","[1650030696.301, '0']","[1650030726.301, '0']","[1650030756.301, '0']","[1650030786.301, '0']","[1650030816.301, '0']","[1650030846.301, '0']","[1650030876.301, '0']","[1650030906.301, '0']","[1650030936.301, '0']","[1650030966.301, '0']","[1650030996.301, '0']","[1650031026.301, '0']",https-metrics,/kubepods/burstable/pod6eb62ddc-90f3-4872-b310-6a4ed45edf5b/b54b959e5ec05e0a142fb88eeb267a3a18648489811a36ed2e4935fb489506b9,docker.io/rancher/mirrored-pause:3.5,10.1.0.135:10250,tunl0,kubelet,/metrics/cadvisor,b54b959e5ec05e0a142fb88eeb267a3a18648489811a36ed2e4935fb489506b9,monitoring,fv-az241-934,blackbox-exporter-6798fb5bb4-dttqq,kubelet
container_network_receive_bytes_total,"[1650030636.301, '302997']","[1650030666.301, '316175']","[1650030696.301, '344477']","[1650030726.301, '355768']","[1650030756.301, '374475']","[1650030786.301, '399914']","[1650030816.301, '419135']","[1650030846.301, '438290']","[1650030876.301, '453428']","[1650030906.301, '477902']","[1650030936.301, '507070']","[1650030966.301, '525078']","[1650030996.301, '537982']","[1650031026.301, '558232']",https-metrics,/kubepods/burstable/pod7473139a-a0d0-4a3a-b7b2-7b66c58ce7a9/5650ee0a17cbe88350f4af0ea874c1417b37b4bdacd10f17edb409c3ceda6d90,docker.io/rancher/mirrored-pause:3.5,10.1.0.135:10250,eth0,kubelet,/metrics/cadvisor,5650ee0a17cbe88350f4af0ea874c1417b37b4bdacd10f17edb409c3ceda6d90,kube-system,fv-az241-934,coredns-574bcc6c46-5zt9k,kubelet
container_network_receive_bytes_total,"[1650030636.301, '0']","[1650030666.301, '0']","[1650030696.301, '0']","[1650030726.301, '0']","[1650030756.301, '0']","[1650030786.301, '0']","[1650030816.301, '0']","[1650030846.301, '0']","[1650030876.301, '0']","[1650030906.301, '0']","[1650030936.301, '0']","[1650030966.301, '0']","[1650030996.301, '0']","[1650031026.301, '0']",https-metrics,/kubepods/burstable/pod7473139a-a0d0-4a3a-b7b2-7b66c58ce7a9/5650ee0a17cbe88350f4af0ea874c1417b37b4bdacd10f17edb409c3ceda6d90,docker.io/rancher/mirrored-pause:3.5,10.1.0.135:10250,tunl0,kubelet,/metrics/cadvisor,5650ee0a17cbe88350f4af0ea874c1417b37b4bdacd10f17edb409c3ceda6d90,kube-system,fv-az241-934,coredns-574bcc6c46-5zt9k,kubelet
container_network_receive_bytes_total,"[1650030636.301, '298187']","[1650030666.301, '322852']","[1650030696.301, '336038']","[1650030726.301, '346510']","[1650030756.301, '353984']","[1650030786.301, '364309']","[1650030816.301, '375027']","[1650030846.301, '385007']","[1650030876.301, '398907']","[1650030906.301, '405200']","[1650030936.301, '419463']","[1650030966.301, '430219']","[1650030996.301, '438536']","[1650031026.301, '449178']",https-metrics,/kubepods/burstable/pod927bc9cf-06b0-40d8-8e1f-40596adacb30/76d6feb8ada91798fc30f3784370edf6833dc2e4f6396a3fcb12c41374486d2c,docker.io/rancher/mirrored-pause:3.5,10.1.0.135:10250,eth0,kubelet,/metrics/cadvisor,76d6feb8ada91798fc30f3784370edf6833dc2e4f6396a3fcb12c41374486d2c,monitoring,fv-az241-934,prometheus-service-prometheus-1,kubelet
container_network_receive_bytes_total,"[1650030636.301, '0']","[1650030666.301, '0']","[1650030696.301, '0']","[1650030726.301, '0']","[1650030756.301, '0']","[1650030786.301, '0']","[1650030816.301, '0']","[1650030846.301, '0']","[1650030876.301, '0']","[1650030906.301, '0']","[1650030936.301, '0']","[1650030966.301, '0']","[1650030996.301, '0']","[1650031026.301, '0']",https-metrics,/kubepods/burstable/pod927bc9cf-06b0-40d8-8e1f-40596adacb30/76d6feb8ada91798fc30f3784370edf6833dc2e4f6396a3fcb12c41374486d2c,docker.io/rancher/mirrored-pause:3.5,10.1.0.135:10250,tunl0,kubelet,/metrics/cadvisor,76d6feb8ada91798fc30f3784370edf6833dc2e4f6396a3fcb12c41374486d2c,monitoring,fv-az241-934,prometheus-service-prometheus-1,kubelet
container_network_receive_bytes_total,"[1650030636.301, '934518']","[1650030666.301, '2135650']","[1650030696.301, '2983080']","[1650030726.301, '3500067']","[1650030756.301, '4711244']","[1650030786.301, '5226478']","[1650030816.301, '6399617']","[1650030846.301, '6924620']","[1650030876.301, '7784321']","[1650030906.301, '8978507']","[1650030936.301, '9510953']","[1650030966.301, '10373396']","[1650030996.301, '11239287']","[1650031026.301, '12108303']",https-metrics,/kubepods/burstable/pod94436539-7fbc-42e6-9377-d8ab997a2721/1e61110e874ed6381dd16e26b0bb7996a5ac28371c7366587a81670e2f6ebb95,docker.io/rancher/mirrored-pause:3.5,10.1.0.135:10250,eth0,kubelet,/metrics/cadvisor,1e61110e874ed6381dd16e26b0bb7996a5ac28371c7366587a81670e2f6ebb95,monitoring,fv-az241-934,prometheus-k8s-0,kubelet
container_network_receive_bytes_total,"[1650030636.301, '0']","[1650030666.301, '0']","[1650030696.301, '0']","[1650030726.301, '0']","[1650030756.301, '0']","[1650030786.301, '0']","[1650030816.301, '0']","[1650030846.301, '0']","[1650030876.301, '0']","[1650030906.301, '0']","[1650030936.301, '0']","[1650030966.301, '0']","[1650030996.301, '0']","[1650031026.301, '0']",https-metrics,/kubepods/burstable/pod94436539-7fbc-42e6-9377-d8ab997a2721/1e61110e874ed6381dd16e26b0bb7996a5ac28371c7366587a81670e2f6ebb95,docker.io/rancher/mirrored-pause:3.5,10.1.0.135:10250,tunl0,kubelet,/metrics/cadvisor,1e61110e874ed6381dd16e26b0bb7996a5ac28371c7366587a81670e2f6ebb95,monitoring,fv-az241-934,prometheus-k8s-0,kubelet
container_network_receive_bytes_total,"[1650030636.301, '3268484']","[1650030666.301, '3288987']","[1650030696.301, '3292987']","[1650030726.301, '3300438']","[1650030756.301, '3326473']","[1650030786.301, '3328527']","[1650030816.301, '3338953']","[1650030846.301, '3348194']","[1650030876.301, '3350776']","[1650030906.301, '3361314']","[1650030936.301, '3389948']","[1650030966.301, '3395352']","[1650030996.301, '3408599']","[1650031026.301, '3414149']",https-metrics,/kubepods/burstable/pod9b3b8b67-73d6-4de8-ad2a-0d163cedf04e/c1dd9d602f8fac4ab16ebe0900de4d475e7651793c8c65bcd1846cf92353c164,docker.io/rancher/mirrored-pause:3.5,10.1.0.135:10250,eth0,kubelet,/metrics/cadvisor,c1dd9d602f8fac4ab16ebe0900de4d475e7651793c8c65bcd1846cf92353c164,monitoring,fv-az241-934,prometheus-operator-75d9b475d9-hk7g9,kubelet
container_network_receive_bytes_total,"[1650030636.301, '0']","[1650030666.301, '0']","[1650030696.301, '0']","[1650030726.301, '0']","[1650030756.301, '0']","[1650030786.301, '0']","[1650030816.301, '0']","[1650030846.301, '0']","[1650030876.301, '0']","[1650030906.301, '0']","[1650030936.301, '0']","[1650030966.301, '0']","[1650030996.301, '0']","[1650031026.301, '0']",https-metrics,/kubepods/burstable/pod9b3b8b67-73d6-4de8-ad2a-0d163cedf04e/c1dd9d602f8fac4ab16ebe0900de4d475e7651793c8c65bcd1846cf92353c164,docker.io/rancher/mirrored-pause:3.5,10.1.0.135:10250,tunl0,kubelet,/metrics/cadvisor,c1dd9d602f8fac4ab16ebe0900de4d475e7651793c8c65bcd1846cf92353c164,monitoring,fv-az241-934,prometheus-operator-75d9b475d9-hk7g9,kubelet
container_network_receive_bytes_total,"[1650030636.301, '204209']","[1650030666.301, '239094']","[1650030696.301, '280344']","[1650030726.301, '319467']","[1650030756.301, '359457']","[1650030786.301, '401989']","[1650030816.301, '430775']","[1650030846.301, '468829']","[1650030876.301, '521714']","[1650030906.301, '554933']","[1650030936.301, '600319']","[1650030966.301, '657087']","[1650030996.301, '699316']","[1650031026.301, '738892']",https-metrics,/kubepods/burstable/pod9ecb2b2b-8730-4a58-ab6a-4748a28c9664/5747c2be8e3cda68340411cdc3fad10496ac369ecc7935fc7ae5d2bd5dbb424f,docker.io/rancher/mirrored-pause:3.5,10.1.0.135:10250,cali0bd0235aecb,kubelet,/metrics/cadvisor,5747c2be8e3cda68340411cdc3fad10496ac369ecc7935fc7ae5d2bd5dbb424f,monitoring,fv-az241-934,node-exporter-rjz4n,kubelet
container_network_receive_bytes_total,"[1650030636.301, '250694']","[1650030666.301, '251490']","[1650030696.301, '273298']","[1650030726.301, '297949']","[1650030756.301, '318495']","[1650030786.301, '338895']","[1650030816.301, '359522']","[1650030846.301, '379979']","[1650030876.301, '431735']","[1650030906.301, '457413']","[1650030936.301, '495685']","[1650030966.301, '553255']","[1650030996.301, '591728']","[1650031026.301, '629992']",https-metrics,/kubepods/burstable/pod9ecb2b2b-8730-4a58-ab6a-4748a28c9664/5747c2be8e3cda68340411cdc3fad10496ac369ecc7935fc7ae5d2bd5dbb424f,docker.io/rancher/mirrored-pause:3.5,10.1.0.135:10250,cali10cb872be70,kubelet,/metrics/cadvisor,5747c2be8e3cda68340411cdc3fad10496ac369ecc7935fc7ae5d2bd5dbb424f,monitoring,fv-az241-934,node-exporter-rjz4n,kubelet
container_network_receive_bytes_total,"[1650030636.301, '38814']","[1650030666.301, '51396']","[1650030696.301, '74224']","[1650030726.301, '98068']","[1650030756.301, '122315']","[1650030786.301, '145782']","[1650030816.301, '167585']","[1650030846.301, '189353']","[1650030876.301, '217622']","[1650030906.301, '240439']","[1650030936.301, '262268']","[1650030966.301, '300207']","[1650030996.301, '324643']","[1650031026.301, '348329']",https-metrics,/kubepods/burstable/pod9ecb2b2b-8730-4a58-ab6a-4748a28c9664/5747c2be8e3cda68340411cdc3fad10496ac369ecc7935fc7ae5d2bd5dbb424f,docker.io/rancher/mirrored-pause:3.5,10.1.0.135:10250,cali11239f98883,kubelet,/metrics/cadvisor,5747c2be8e3cda68340411cdc3fad10496ac369ecc7935fc7ae5d2bd5dbb424f,monitoring,fv-az241-934,node-exporter-rjz4n,kubelet
container_network_receive_bytes_total,"[1650030636.301, '33824']","[1650030666.301, '56465']","[1650030696.301, '79493']","[1650030726.301, '103157']","[1650030756.301, '127976']","[1650030786.301, '150441']","[1650030816.301, '172297']","[1650030846.301, '193851']","[1650030876.301, '221731']","[1650030906.301, '243703']","[1650030936.301, '266214']","[1650030966.301, '293439']","[1650030996.301, '317506']","[1650031026.301, '341202']",https-metrics,/kubepods/burstable/pod9ecb2b2b-8730-4a58-ab6a-4748a28c9664/5747c2be8e3cda68340411cdc3fad10496ac369ecc7935fc7ae5d2bd5dbb424f,docker.io/rancher/mirrored-pause:3.5,10.1.0.135:10250,cali15c7619fccc,kubelet,/metrics/cadvisor,5747c2be8e3cda68340411cdc3fad10496ac369ecc7935fc7ae5d2bd5dbb424f,monitoring,fv-az241-934,node-exporter-rjz4n,kubelet
container_network_receive_bytes_total,"[1650030636.301, '18804']","[1650030666.301, '19242']","[1650030696.301, '19524']","[1650030726.301, '19764']","[1650030756.301, '20046']","[1650030786.301, '21855']","[1650030816.301, '23648']","[1650030846.301, '23958']","[1650030876.301, '25907']","[1650030906.301, '26105']","[1650030936.301, '26387']","[1650030966.301, '26843']","[1650030996.301, '27191']","[1650031026.301, '27407']",https-metrics,/kubepods/burstable/pod9ecb2b2b-8730-4a58-ab6a-4748a28c9664/5747c2be8e3cda68340411cdc3fad10496ac369ecc7935fc7ae5d2bd5dbb424f,docker.io/rancher/mirrored-pause:3.5,10.1.0.135:10250,cali19bd9528fdc,kubelet,/metrics/cadvisor,5747c2be8e3cda68340411cdc3fad10496ac369ecc7935fc7ae5d2bd5dbb424f,monitoring,fv-az241-934,node-exporter-rjz4n,kubelet
container_network_receive_bytes_total,"[1650030636.301, '136855']","[1650030666.301, '187110']","[1650030696.301, '240991']","[1650030726.301, '295914']","[1650030756.301, '350993']","[1650030786.301, '404285']","[1650030816.301, '454456']","[1650030846.301, '487087']","[1650030876.301, '569591']","[1650030906.301, '622516']","[1650030936.301, '676290']","[1650030966.301, '740929']","[1650030996.301, '804008']","[1650031026.301, '860712']",https-metrics,/kubepods/burstable/pod9ecb2b2b-8730-4a58-ab6a-4748a28c9664/5747c2be8e3cda68340411cdc3fad10496ac369ecc7935fc7ae5d2bd5dbb424f,docker.io/rancher/mirrored-pause:3.5,10.1.0.135:10250,cali1abad8afd57,kubelet,/metrics/cadvisor,5747c2be8e3cda68340411cdc3fad10496ac369ecc7935fc7ae5d2bd5dbb424f,monitoring,fv-az241-934,node-exporter-rjz4n,kubelet
container_network_receive_bytes_total,"[1650030636.301, '843059']","[1650030666.301, '859535']","[1650030696.301, '869548']","[1650030726.301, '875305']","[1650030756.301, '888714']","[1650030786.301, '911424']","[1650030816.301, '919399']","[1650030846.301, '928693']","[1650030876.301, '942160']","[1650030906.301, '949391']","[1650030936.301, '961832']","[1650030966.301, '1000123']","[1650030996.301, '1014583']","[1650031026.301, '1028803']",https-metrics,/kubepods/burstable/pod9ecb2b2b-8730-4a58-ab6a-4748a28c9664/5747c2be8e3cda68340411cdc3fad10496ac369ecc7935fc7ae5d2bd5dbb424f,docker.io/rancher/mirrored-pause:3.5,10.1.0.135:10250,cali2a86be57fec,kubelet,/metrics/cadvisor,5747c2be8e3cda68340411cdc3fad10496ac369ecc7935fc7ae5d2bd5dbb424f,monitoring,fv-az241-934,node-exporter-rjz4n,kubelet
container_network_receive_bytes_total,"[1650030636.301, '204098']","[1650030666.301, '217308']","[1650030696.301, '226398']","[1650030726.301, '235488']","[1650030756.301, '246242']","[1650030786.301, '257007']","[1650030816.301, '266167']","[1650030846.301, '272469']","[1650030876.301, '286285']","[1650030906.301, '295375']","[1650030936.301, '304399']","[1650030966.301, '318469']","[1650030996.301, '327559']","[1650031026.301, '336781']",https-metrics,/kubepods/burstable/pod9ecb2b2b-8730-4a58-ab6a-4748a28c9664/5747c2be8e3cda68340411cdc3fad10496ac369ecc7935fc7ae5d2bd5dbb424f,docker.io/rancher/mirrored-pause:3.5,10.1.0.135:10250,cali3b2644cc03c,kubelet,/metrics/cadvisor,5747c2be8e3cda68340411cdc3fad10496ac369ecc7935fc7ae5d2bd5dbb424f,monitoring,fv-az241-934,node-exporter-rjz4n,kubelet
container_network_receive_bytes_total,"[1650030636.301, '11145']","[1650030666.301, '20976']","[1650030696.301, '25286']","[1650030726.301, '29679']","[1650030756.301, '34138']","[1650030786.301, '38327']","[1650030816.301, '48856']","[1650030846.301, '53264']","[1650030876.301, '57743']","[1650030906.301, '62298']","[1650030936.301, '66575']","[1650030966.301, '85425']","[1650030996.301, '89870']","[1650031026.301, '94178']",https-metrics,/kubepods/burstable/pod9ecb2b2b-8730-4a58-ab6a-4748a28c9664/5747c2be8e3cda68340411cdc3fad10496ac369ecc7935fc7ae5d2bd5dbb424f,docker.io/rancher/mirrored-pause:3.5,10.1.0.135:10250,cali43d2c9ab283,kubelet,/metrics/cadvisor,5747c2be8e3cda68340411cdc3fad10496ac369ecc7935fc7ae5d2bd5dbb424f,monitoring,fv-az241-934,node-exporter-rjz4n,kubelet
container_network_receive_bytes_total,"[1650030636.301, '18443']","[1650030666.301, '40957']","[1650030696.301, '63153']","[1650030726.301, '85767']","[1650030756.301, '107749']","[1650030786.301, '129758']","[1650030816.301, '151820']","[1650030846.301, '163193']","[1650030876.301, '196008']","[1650030906.301, '218065']","[1650030936.301, '240059']","[1650030966.301, '262122']","[1650030996.301, '284884']","[1650031026.301, '306960']",https-metrics,/kubepods/burstable/pod9ecb2b2b-8730-4a58-ab6a-4748a28c9664/5747c2be8e3cda68340411cdc3fad10496ac369ecc7935fc7ae5d2bd5dbb424f,docker.io/rancher/mirrored-pause:3.5,10.1.0.135:10250,cali49a869c22bd,kubelet,/metrics/cadvisor,5747c2be8e3cda68340411cdc3fad10496ac369ecc7935fc7ae5d2bd5dbb424f,monitoring,fv-az241-934,node-exporter-rjz4n,kubelet
container_network_receive_bytes_total,"[1650030636.301, '124454']","[1650030666.301, '132774']","[1650030696.301, '137274']","[1650030726.301, '141246']","[1650030756.301, '148143']","[1650030786.301, '159789']","[1650030816.301, '166692']","[1650030846.301, '171387']","[1650030876.301, '178075']","[1650030906.301, '183449']","[1650030936.301, '201749']","[1650030966.301, '209080']","[1650030996.301, '213304']","[1650031026.301, '218292']",https-metrics,/kubepods/burstable/pod9ecb2b2b-8730-4a58-ab6a-4748a28c9664/5747c2be8e3cda68340411cdc3fad10496ac369ecc7935fc7ae5d2bd5dbb424f,docker.io/rancher/mirrored-pause:3.5,10.1.0.135:10250,cali50ae499512f,kubelet,/metrics/cadvisor,5747c2be8e3cda68340411cdc3fad10496ac369ecc7935fc7ae5d2bd5dbb424f,monitoring,fv-az241-934,node-exporter-rjz4n,kubelet
container_network_receive_bytes_total,"[1650030636.301, '57779']","[1650030666.301, '62289']","[1650030696.301, '67316']","[1650030726.301, '72787']","[1650030756.301, '77686']","[1650030786.301, '82449']","[1650030816.301, '87410']","[1650030846.301, '91612']","[1650030876.301, '96936']","[1650030906.301, '101769']","[1650030936.301, '106598']","[1650030966.301, '112410']","[1650030996.301, '117800']","[1650031026.301, '124247']",https-metrics,/kubepods/burstable/pod9ecb2b2b-8730-4a58-ab6a-4748a28c9664/5747c2be8e3cda68340411cdc3fad10496ac369ecc7935fc7ae5d2bd5dbb424f,docker.io/rancher/mirrored-pause:3.5,10.1.0.135:10250,cali8385348e11e,kubelet,/metrics/cadvisor,5747c2be8e3cda68340411cdc3fad10496ac369ecc7935fc7ae5d2bd5dbb424f,monitoring,fv-az241-934,node-exporter-rjz4n,kubelet
container_network_receive_bytes_total,"[1650030636.301, '56095']","[1650030666.301, '61035']","[1650030696.301, '65930']","[1650030726.301, '71039']","[1650030756.301, '75868']","[1650030786.301, '80697']","[1650030816.301, '85658']","[1650030846.301, '89504']","[1650030876.301, '95386']","[1650030906.301, '100149']","[1650030936.301, '104978']","[1650030966.301, '111925']","[1650030996.301, '117381']","[1650031026.301, '122210']",https-metrics,/kubepods/burstable/pod9ecb2b2b-8730-4a58-ab6a-4748a28c9664/5747c2be8e3cda68340411cdc3fad10496ac369ecc7935fc7ae5d2bd5dbb424f,docker.io/rancher/mirrored-pause:3.5,10.1.0.135:10250,cali875348b5cee,kubelet,/metrics/cadvisor,5747c2be8e3cda68340411cdc3fad10496ac369ecc7935fc7ae5d2bd5dbb424f,monitoring,fv-az241-934,node-exporter-rjz4n,kubelet
container_network_receive_bytes_total,"[1650030636.301, '28853']","[1650030666.301, '51655']","[1650030696.301, '75294']","[1650030726.301, '98175']","[1650030756.301, '122561']","[1650030786.301, '146035']","[1650030816.301, '167639']","[1650030846.301, '189643']","[1650030876.301, '217769']","[1650030906.301, '240282']","[1650030936.301, '263109']","[1650030966.301, '291372']","[1650030996.301, '314922']","[1650031026.301, '338199']",https-metrics,/kubepods/burstable/pod9ecb2b2b-8730-4a58-ab6a-4748a28c9664/5747c2be8e3cda68340411cdc3fad10496ac369ecc7935fc7ae5d2bd5dbb424f,docker.io/rancher/mirrored-pause:3.5,10.1.0.135:10250,cali8bac6c0ff3f,kubelet,/metrics/cadvisor,5747c2be8e3cda68340411cdc3fad10496ac369ecc7935fc7ae5d2bd5dbb424f,monitoring,fv-az241-934,node-exporter-rjz4n,kubelet
container_network_receive_bytes_total,"[1650030666.301, '2307']","[1650030696.301, '3616']","[1650030726.301, '4143']","[1650030756.301, '4209']","[1650030786.301, '4724']","[1650030816.301, '4790']","[1650030846.301, '5181']","[1650030876.301, '6149']","[1650030906.301, '6544']","[1650030936.301, '7241']","[1650030966.301, '8155']","[1650030996.301, '10245']","[1650031026.301, '10551']",https-metrics,/kubepods/burstable/pod9ecb2b2b-8730-4a58-ab6a-4748a28c9664/5747c2be8e3cda68340411cdc3fad10496ac369ecc7935fc7ae5d2bd5dbb424f,docker.io/rancher/mirrored-pause:3.5,10.1.0.135:10250,calib465774e6bc,kubelet,/metrics/cadvisor,5747c2be8e3cda68340411cdc3fad10496ac369ecc7935fc7ae5d2bd5dbb424f,monitoring,fv-az241-934,node-exporter-rjz4n,kubelet
container_network_receive_bytes_total,"[1650030636.301, '9257']","[1650030666.301, '16991']","[1650030696.301, '27918']","[1650030726.301, '38631']","[1650030756.301, '48974']","[1650030786.301, '59185']","[1650030816.301, '69394']","[1650030846.301, '79175']","[1650030876.301, '89952']","[1650030906.301, '100291']","[1650030936.301, '111040']","[1650030966.301, '124033']","[1650030996.301, '134873']","[1650031026.301, '145306']",https-metrics,/kubepods/burstable/pod9ecb2b2b-8730-4a58-ab6a-4748a28c9664/5747c2be8e3cda68340411cdc3fad10496ac369ecc7935fc7ae5d2bd5dbb424f,docker.io/rancher/mirrored-pause:3.5,10.1.0.135:10250,calib62b31096bc,kubelet,/metrics/cadvisor,5747c2be8e3cda68340411cdc3fad10496ac369ecc7935fc7ae5d2bd5dbb424f,monitoring,fv-az241-934,node-exporter-rjz4n,kubelet
container_network_receive_bytes_total,"[1650030636.301, '936']","[1650030666.301, '936']","[1650030696.301, '936']","[1650030726.301, '936']","[1650030756.301, '936']","[1650030786.301, '936']","[1650030816.301, '936']","[1650030846.301, '936']","[1650030876.301, '936']","[1650030906.301, '1006']","[1650030936.301, '1006']","[1650030966.301, '1006']","[1650030996.301, '1006']","[1650031026.301, '1006']",https-metrics,/kubepods/burstable/pod9ecb2b2b-8730-4a58-ab6a-4748a28c9664/5747c2be8e3cda68340411cdc3fad10496ac369ecc7935fc7ae5d2bd5dbb424f,docker.io/rancher/mirrored-pause:3.5,10.1.0.135:10250,calic1116e23560,kubelet,/metrics/cadvisor,5747c2be8e3cda68340411cdc3fad10496ac369ecc7935fc7ae5d2bd5dbb424f,monitoring,fv-az241-934,node-exporter-rjz4n,kubelet
container_network_receive_bytes_total,"[1650030636.301, '779206']","[1650030666.301, '1097573']","[1650030696.301, '1730160']","[1650030726.301, '2362791']","[1650030756.301, '2995319']","[1650030786.301, '3635563']","[1650030816.301, '3960286']","[1650030846.301, '4587797']","[1650030876.301, '5538084']","[1650030906.301, '6171770']","[1650030936.301, '6814426']","[1650030966.301, '7786336']","[1650030996.301, '8422197']","[1650031026.301, '9054561']",https-metrics,/kubepods/burstable/pod9ecb2b2b-8730-4a58-ab6a-4748a28c9664/5747c2be8e3cda68340411cdc3fad10496ac369ecc7935fc7ae5d2bd5dbb424f,docker.io/rancher/mirrored-pause:3.5,10.1.0.135:10250,calid2fc53b9ec7,kubelet,/metrics/cadvisor,5747c2be8e3cda68340411cdc3fad10496ac369ecc7935fc7ae5d2bd5dbb424f,monitoring,fv-az241-934,node-exporter-rjz4n,kubelet
container_network_receive_bytes_total,"[1650030636.301, '137823']","[1650030666.301, '185078']","[1650030696.301, '236980']","[1650030726.301, '292663']","[1650030756.301, '344278']","[1650030786.301, '394932']","[1650030816.301, '448329']","[1650030846.301, '491825']","[1650030876.301, '555023']","[1650030906.301, '606351']","[1650030936.301, '658403']","[1650030966.301, '719980']","[1650030996.301, '774478']","[1650031026.301, '827961']",https-metrics,/kubepods/burstable/pod9ecb2b2b-8730-4a58-ab6a-4748a28c9664/5747c2be8e3cda68340411cdc3fad10496ac369ecc7935fc7ae5d2bd5dbb424f,docker.io/rancher/mirrored-pause:3.5,10.1.0.135:10250,calid75abf4f5e0,kubelet,/metrics/cadvisor,5747c2be8e3cda68340411cdc3fad10496ac369ecc7935fc7ae5d2bd5dbb424f,monitoring,fv-az241-934,node-exporter-rjz4n,kubelet
container_network_receive_bytes_total,"[1650030636.301, '273173']","[1650030666.301, '314764']","[1650030696.301, '356522']","[1650030726.301, '400452']","[1650030756.301, '441653']","[1650030786.301, '481298']","[1650030816.301, '522429']","[1650030846.301, '558371']","[1650030876.301, '593500']","[1650030906.301, '618697']","[1650030936.301, '643684']","[1650030966.301, '671046']","[1650030996.301, '696188']","[1650031026.301, '720703']",https-metrics,/kubepods/burstable/pod9ecb2b2b-8730-4a58-ab6a-4748a28c9664/5747c2be8e3cda68340411cdc3fad10496ac369ecc7935fc7ae5d2bd5dbb424f,docker.io/rancher/mirrored-pause:3.5,10.1.0.135:10250,calie385da95897,kubelet,/metrics/cadvisor,5747c2be8e3cda68340411cdc3fad10496ac369ecc7935fc7ae5d2bd5dbb424f,monitoring,fv-az241-934,node-exporter-rjz4n,kubelet
container_network_receive_bytes_total,"[1650030636.301, '9140']","[1650030666.301, '14508']","[1650030696.301, '23849']","[1650030726.301, '33325']","[1650030756.301, '42786']","[1650030786.301, '52176']","[1650030816.301, '61762']","[1650030846.301, '68935']","[1650030876.301, '82160']","[1650030906.301, '92620']","[1650030936.301, '103088']","[1650030966.301, '118261']","[1650030996.301, '129049']","[1650031026.301, '139407']",https-metrics,/kubepods/burstable/pod9ecb2b2b-8730-4a58-ab6a-4748a28c9664/5747c2be8e3cda68340411cdc3fad10496ac369ecc7935fc7ae5d2bd5dbb424f,docker.io/rancher/mirrored-pause:3.5,10.1.0.135:10250,calif9b29645ac2,kubelet,/metrics/cadvisor,5747c2be8e3cda68340411cdc3fad10496ac369ecc7935fc7ae5d2bd5dbb424f,monitoring,fv-az241-934,node-exporter-rjz4n,kubelet
container_network_receive_bytes_total,"[1650030636.301, '7598']","[1650030666.301, '17005']","[1650030696.301, '27109']","[1650030726.301, '37470']","[1650030756.301, '47907']","[1650030786.301, '58558']","[1650030816.301, '69052']","[1650030846.301, '78613']","[1650030876.301, '90054']","[1650030906.301, '100469']","[1650030936.301, '111084']","[1650030966.301, '122210']","[1650030996.301, '133006']","[1650031026.301, '144070']",https-metrics,/kubepods/burstable/pod9ecb2b2b-8730-4a58-ab6a-4748a28c9664/5747c2be8e3cda68340411cdc3fad10496ac369ecc7935fc7ae5d2bd5dbb424f,docker.io/rancher/mirrored-pause:3.5,10.1.0.135:10250,calife35b2d27da,kubelet,/metrics/cadvisor,5747c2be8e3cda68340411cdc3fad10496ac369ecc7935fc7ae5d2bd5dbb424f,monitoring,fv-az241-934,node-exporter-rjz4n,kubelet
container_network_receive_bytes_total,"[1650030636.301, '1331447007']","[1650030666.301, '1331498964']","[1650030696.301, '1331521125']","[1650030726.301, '1331566281']","[1650030756.301, '1331588118']","[1650030786.301, '1331618207']","[1650030816.301, '1331634063']","[1650030846.301, '1331660007']","[1650030876.301, '1331689257']","[1650030906.301, '1331715282']","[1650030936.301, '1331836476']","[1650030966.301, '1331872582']","[1650030996.301, '1331894379']","[1650031026.301, '1388011360']",https-metrics,/kubepods/burstable/pod9ecb2b2b-8730-4a58-ab6a-4748a28c9664/5747c2be8e3cda68340411cdc3fad10496ac369ecc7935fc7ae5d2bd5dbb424f,docker.io/rancher/mirrored-pause:3.5,10.1.0.135:10250,eth0,kubelet,/metrics/cadvisor,5747c2be8e3cda68340411cdc3fad10496ac369ecc7935fc7ae5d2bd5dbb424f,monitoring,fv-az241-934,node-exporter-rjz4n,kubelet
container_network_receive_bytes_total,"[1650030636.301, '0']","[1650030666.301, '0']","[1650030696.301, '0']","[1650030726.301, '0']","[1650030756.301, '0']","[1650030786.301, '0']","[1650030816.301, '0']","[1650030846.301, '0']","[1650030876.301, '0']","[1650030906.301, '0']","[1650030936.301, '0']","[1650030966.301, '0']","[1650030996.301, '0']","[1650031026.301, '0']",https-metrics,/kubepods/burstable/pod9ecb2b2b-8730-4a58-ab6a-4748a28c9664/5747c2be8e3cda68340411cdc3fad10496ac369ecc7935fc7ae5d2bd5dbb424f,docker.io/rancher/mirrored-pause:3.5,10.1.0.135:10250,tunl0,kubelet,/metrics/cadvisor,5747c2be8e3cda68340411cdc3fad10496ac369ecc7935fc7ae5d2bd5dbb424f,monitoring,fv-az241-934,node-exporter-rjz4n,kubelet
container_network_receive_bytes_total,"[1650030636.301, '34508']","[1650030666.301, '52333']","[1650030696.301, '61709']","[1650030726.301, '81510']","[1650030756.301, '94765']","[1650030786.301, '111717']","[1650030816.301, '129683']","[1650030846.301, '144686']","[1650030876.301, '161076']","[1650030906.301, '178003']","[1650030936.301, '193895']","[1650030966.301, '210345']","[1650030996.301, '227878']","[1650031026.301, '243483']",https-metrics,/kubepods/burstable/poda55318aa-4cb4-4334-bed6-ee148b77b118/c339687a336bb252ee34f963934e0a3f4aa33931ac24517dc9876810be0d00d3,docker.io/rancher/mirrored-pause:3.5,10.1.0.135:10250,eth0,kubelet,/metrics/cadvisor,c339687a336bb252ee34f963934e0a3f4aa33931ac24517dc9876810be0d00d3,monitoring,fv-az241-934,alertmanager-main-2,kubelet
container_network_receive_bytes_total,"[1650030636.301, '0']","[1650030666.301, '0']","[1650030696.301, '0']","[1650030726.301, '0']","[1650030756.301, '0']","[1650030786.301, '0']","[1650030816.301, '0']","[1650030846.301, '0']","[1650030876.301, '0']","[1650030906.301, '0']","[1650030936.301, '0']","[1650030966.301, '0']","[1650030996.301, '0']","[1650031026.301, '0']",https-metrics,/kubepods/burstable/poda55318aa-4cb4-4334-bed6-ee148b77b118/c339687a336bb252ee34f963934e0a3f4aa33931ac24517dc9876810be0d00d3,docker.io/rancher/mirrored-pause:3.5,10.1.0.135:10250,tunl0,kubelet,/metrics/cadvisor,c339687a336bb252ee34f963934e0a3f4aa33931ac24517dc9876810be0d00d3,monitoring,fv-az241-934,alertmanager-main-2,kubelet
container_network_receive_bytes_total,"[1650030636.301, '882298']","[1650030666.301, '928486']","[1650030696.301, '944039']","[1650030726.301, '960120']","[1650030756.301, '975974']","[1650030786.301, '1007468']","[1650030816.301, '1019771']","[1650030846.301, '1022177']","[1650030876.301, '1047671']","[1650030906.301, '1071305']","[1650030936.301, '1099849']","[1650030966.301, '1125400']","[1650030996.301, '1147064']","[1650031026.301, '1166639']",https-metrics,/kubepods/burstable/podc69af9cc-2b1d-4c8e-9478-f47cf4bbbadf/ba2facf87f741cb97d020c4a1a5dfbcb6b1dc473e51fc19c8e31f6dc9dfb1cd9,docker.io/rancher/mirrored-pause:3.5,10.1.0.135:10250,eth0,kubelet,/metrics/cadvisor,ba2facf87f741cb97d020c4a1a5dfbcb6b1dc473e51fc19c8e31f6dc9dfb1cd9,monitoring,fv-az241-934,kube-state-metrics-74964b6cd4-v9r2k,kubelet
container_network_receive_bytes_total,"[1650030636.301, '0']","[1650030666.301, '0']","[1650030696.301, '0']","[1650030726.301, '0']","[1650030756.301, '0']","[1650030786.301, '0']","[1650030816.301, '0']","[1650030846.301, '0']","[1650030876.301, '0']","[1650030906.301, '0']","[1650030936.301, '0']","[1650030966.301, '0']","[1650030996.301, '0']","[1650031026.301, '0']",https-metrics,/kubepods/burstable/podc69af9cc-2b1d-4c8e-9478-f47cf4bbbadf/ba2facf87f741cb97d020c4a1a5dfbcb6b1dc473e51fc19c8e31f6dc9dfb1cd9,docker.io/rancher/mirrored-pause:3.5,10.1.0.135:10250,tunl0,kubelet,/metrics/cadvisor,ba2facf87f741cb97d020c4a1a5dfbcb6b1dc473e51fc19c8e31f6dc9dfb1cd9,monitoring,fv-az241-934,kube-state-metrics-74964b6cd4-v9r2k,kubelet
container_network_receive_bytes_total,"[1650030636.301, '185771']","[1650030666.301, '228360']","[1650030696.301, '288074']","[1650030726.301, '327676']","[1650030756.301, '368649']","[1650030786.301, '409180']","[1650030816.301, '449193']","[1650030846.301, '488116']","[1650030876.301, '529376']","[1650030906.301, '560704']","[1650030936.301, '618148']","[1650030966.301, '657562']","[1650030996.301, '697891']","[1650031026.301, '738892']",https-metrics,/kubepods/burstable/podca7edb30-1363-464a-b9e0-521e9077d2b8/119f84bf93e71597269fabc3735366e657eac404f0f0b5824c9c1f19d78da36f,docker.io/rancher/mirrored-pause:3.5,10.1.0.135:10250,cali0bd0235aecb,kubelet,/metrics/cadvisor,119f84bf93e71597269fabc3735366e657eac404f0f0b5824c9c1f19d78da36f,kube-system,fv-az241-934,calico-node-kjfvt,kubelet
container_network_receive_bytes_total,"[1650030636.301, '224033']","[1650030666.301, '251490']","[1650030696.301, '297417']","[1650030726.301, '318033']","[1650030756.301, '338433']","[1650030786.301, '358862']","[1650030816.301, '379517']","[1650030846.301, '399969']","[1650030876.301, '442239']","[1650030906.301, '457413']","[1650030936.301, '516923']","[1650030966.301, '553255']","[1650030996.301, '591728']","[1650031026.301, '630058']",https-metrics,/kubepods/burstable/podca7edb30-1363-464a-b9e0-521e9077d2b8/119f84bf93e71597269fabc3735366e657eac404f0f0b5824c9c1f19d78da36f,docker.io/rancher/mirrored-pause:3.5,10.1.0.135:10250,cali10cb872be70,kubelet,/metrics/cadvisor,119f84bf93e71597269fabc3735366e657eac404f0f0b5824c9c1f19d78da36f,kube-system,fv-az241-934,calico-node-kjfvt,kubelet
container_network_receive_bytes_total,"[1650030636.301, '25285']","[1650030666.301, '49086']","[1650030696.301, '87459']","[1650030726.301, '111123']","[1650030756.301, '135069']","[1650030786.301, '158267']","[1650030816.301, '182124']","[1650030846.301, '204297']","[1650030876.301, '230038']","[1650030906.301, '240439']","[1650030936.301, '276532']","[1650030966.301, '300207']","[1650030996.301, '323048']","[1650031026.301, '348544']",https-metrics,/kubepods/burstable/podca7edb30-1363-464a-b9e0-521e9077d2b8/119f84bf93e71597269fabc3735366e657eac404f0f0b5824c9c1f19d78da36f,docker.io/rancher/mirrored-pause:3.5,10.1.0.135:10250,cali11239f98883,kubelet,/metrics/cadvisor,119f84bf93e71597269fabc3735366e657eac404f0f0b5824c9c1f19d78da36f,kube-system,fv-az241-934,calico-node-kjfvt,kubelet
container_network_receive_bytes_total,"[1650030636.301, '30821']","[1650030666.301, '54366']","[1650030696.301, '82105']","[1650030726.301, '105974']","[1650030756.301, '130458']","[1650030786.301, '152972']","[1650030816.301, '177307']","[1650030846.301, '198455']","[1650030876.301, '224041']","[1650030906.301, '243856']","[1650030936.301, '271033']","[1650030966.301, '293633']","[1650030996.301, '315626']","[1650031026.301, '341264']",https-metrics,/kubepods/burstable/podca7edb30-1363-464a-b9e0-521e9077d2b8/119f84bf93e71597269fabc3735366e657eac404f0f0b5824c9c1f19d78da36f,docker.io/rancher/mirrored-pause:3.5,10.1.0.135:10250,cali15c7619fccc,kubelet,/metrics/cadvisor,119f84bf93e71597269fabc3735366e657eac404f0f0b5824c9c1f19d78da36f,kube-system,fv-az241-934,calico-node-kjfvt,kubelet
container_network_receive_bytes_total,"[1650030636.301, '18720']","[1650030666.301, '19242']","[1650030696.301, '19524']","[1650030726.301, '19764']","[1650030756.301, '20046']","[1650030786.301, '23516']","[1650030816.301, '23826']","[1650030846.301, '24132']","[1650030876.301, '25973']","[1650030906.301, '26105']","[1650030936.301, '26495']","[1650030966.301, '26843']","[1650030996.301, '27125']","[1650031026.301, '27473']",https-metrics,/kubepods/burstable/podca7edb30-1363-464a-b9e0-521e9077d2b8/119f84bf93e71597269fabc3735366e657eac404f0f0b5824c9c1f19d78da36f,docker.io/rancher/mirrored-pause:3.5,10.1.0.135:10250,cali19bd9528fdc,kubelet,/metrics/cadvisor,119f84bf93e71597269fabc3735366e657eac404f0f0b5824c9c1f19d78da36f,kube-system,fv-az241-934,calico-node-kjfvt,kubelet
container_network_receive_bytes_total,"[1650030636.301, '113954']","[1650030666.301, '178422']","[1650030696.301, '251429']","[1650030726.301, '305290']","[1650030756.301, '361761']","[1650030786.301, '412201']","[1650030816.301, '471858']","[1650030846.301, '521988']","[1650030876.301, '578895']","[1650030906.301, '624151']","[1650030936.301, '690780']","[1650030966.301, '741061']","[1650030996.301, '799487']","[1650031026.301, '862238']",https-metrics,/kubepods/burstable/podca7edb30-1363-464a-b9e0-521e9077d2b8/119f84bf93e71597269fabc3735366e657eac404f0f0b5824c9c1f19d78da36f,docker.io/rancher/mirrored-pause:3.5,10.1.0.135:10250,cali1abad8afd57,kubelet,/metrics/cadvisor,119f84bf93e71597269fabc3735366e657eac404f0f0b5824c9c1f19d78da36f,kube-system,fv-az241-934,calico-node-kjfvt,kubelet
container_network_receive_bytes_total,"[1650030636.301, '829907']","[1650030666.301, '855506']","[1650030696.301, '870340']","[1650030726.301, '879992']","[1650030756.301, '899046']","[1650030786.301, '912282']","[1650030816.301, '924212']","[1650030846.301, '932856']","[1650030876.301, '942952']","[1650030906.301, '949391']","[1650030936.301, '979333']","[1650030966.301, '1000123']","[1650030996.301, '1014055']","[1650031026.301, '1030397']",https-metrics,/kubepods/burstable/podca7edb30-1363-464a-b9e0-521e9077d2b8/119f84bf93e71597269fabc3735366e657eac404f0f0b5824c9c1f19d78da36f,docker.io/rancher/mirrored-pause:3.5,10.1.0.135:10250,cali2a86be57fec,kubelet,/metrics/cadvisor,119f84bf93e71597269fabc3735366e657eac404f0f0b5824c9c1f19d78da36f,kube-system,fv-az241-934,calico-node-kjfvt,kubelet
container_network_receive_bytes_total,"[1650030636.301, '204098']","[1650030666.301, '217308']","[1650030696.301, '229318']","[1650030726.301, '238408']","[1650030756.301, '249162']","[1650030786.301, '259927']","[1650030816.301, '269153']","[1650030846.301, '275455']","[1650030876.301, '289205']","[1650030906.301, '295375']","[1650030936.301, '309445']","[1650030966.301, '318469']","[1650030996.301, '324639']","[1650031026.301, '336781']",https-metrics,/kubepods/burstable/podca7edb30-1363-464a-b9e0-521e9077d2b8/119f84bf93e71597269fabc3735366e657eac404f0f0b5824c9c1f19d78da36f,docker.io/rancher/mirrored-pause:3.5,10.1.0.135:10250,cali3b2644cc03c,kubelet,/metrics/cadvisor,119f84bf93e71597269fabc3735366e657eac404f0f0b5824c9c1f19d78da36f,kube-system,fv-az241-934,calico-node-kjfvt,kubelet
container_network_receive_bytes_total,"[1650030636.301, '726']","[1650030666.301, '20976']","[1650030696.301, '29279']","[1650030726.301, '33874']","[1650030756.301, '38063']","[1650030786.301, '48592']","[1650030816.301, '53000']","[1650030846.301, '55301']","[1650030876.301, '62034']","[1650030906.301, '62298']","[1650030936.301, '76916']","[1650030966.301, '85425']","[1650030996.301, '87746']","[1650031026.301, '94244']",https-metrics,/kubepods/burstable/podca7edb30-1363-464a-b9e0-521e9077d2b8/119f84bf93e71597269fabc3735366e657eac404f0f0b5824c9c1f19d78da36f,docker.io/rancher/mirrored-pause:3.5,10.1.0.135:10250,cali43d2c9ab283,kubelet,/metrics/cadvisor,119f84bf93e71597269fabc3735366e657eac404f0f0b5824c9c1f19d78da36f,kube-system,fv-az241-934,calico-node-kjfvt,kubelet
container_network_receive_bytes_total,"[1650030636.301, '17814']","[1650030666.301, '40262']","[1650030696.301, '64334']","[1650030726.301, '85767']","[1650030756.301, '108378']","[1650030786.301, '129758']","[1650030816.301, '152515']","[1650030846.301, '173884']","[1650030876.301, '196703']","[1650030906.301, '218065']","[1650030936.301, '240754']","[1650030966.301, '262122']","[1650030996.301, '284189']","[1650031026.301, '306960']",https-metrics,/kubepods/burstable/podca7edb30-1363-464a-b9e0-521e9077d2b8/119f84bf93e71597269fabc3735366e657eac404f0f0b5824c9c1f19d78da36f,docker.io/rancher/mirrored-pause:3.5,10.1.0.135:10250,cali49a869c22bd,kubelet,/metrics/cadvisor,119f84bf93e71597269fabc3735366e657eac404f0f0b5824c9c1f19d78da36f,kube-system,fv-az241-934,calico-node-kjfvt,kubelet
container_network_receive_bytes_total,"[1650030636.301, '124322']","[1650030666.301, '132774']","[1650030696.301, '138224']","[1650030726.301, '142196']","[1650030756.301, '152223']","[1650030786.301, '162367']","[1650030816.301, '169575']","[1650030846.301, '174235']","[1650030876.301, '179157']","[1650030906.301, '183449']","[1650030936.301, '202963']","[1650030966.301, '209080']","[1650030996.301, '212288']","[1650031026.301, '218358']",https-metrics,/kubepods/burstable/podca7edb30-1363-464a-b9e0-521e9077d2b8/119f84bf93e71597269fabc3735366e657eac404f0f0b5824c9c1f19d78da36f,docker.io/rancher/mirrored-pause:3.5,10.1.0.135:10250,cali50ae499512f,kubelet,/metrics/cadvisor,119f84bf93e71597269fabc3735366e657eac404f0f0b5824c9c1f19d78da36f,kube-system,fv-az241-934,calico-node-kjfvt,kubelet
container_network_receive_bytes_total,"[1650030636.301, '56095']","[1650030666.301, '61724']","[1650030696.301, '68365']","[1650030726.301, '73836']","[1650030756.301, '79230']","[1650030786.301, '83498']","[1650030816.301, '88888']","[1650030846.301, '93156']","[1650030876.301, '98550']","[1650030906.301, '101769']","[1650030936.301, '108142']","[1650030966.301, '112410']","[1650030996.301, '116883']","[1650031026.301, '124247']",https-metrics,/kubepods/burstable/podca7edb30-1363-464a-b9e0-521e9077d2b8/119f84bf93e71597269fabc3735366e657eac404f0f0b5824c9c1f19d78da36f,docker.io/rancher/mirrored-pause:3.5,10.1.0.135:10250,cali8385348e11e,kubelet,/metrics/cadvisor,119f84bf93e71597269fabc3735366e657eac404f0f0b5824c9c1f19d78da36f,kube-system,fv-az241-934,calico-node-kjfvt,kubelet
container_network_receive_bytes_total,"[1650030636.301, '55039']","[1650030666.301, '60540']","[1650030696.301, '66986']","[1650030726.301, '71600']","[1650030756.301, '76924']","[1650030786.301, '81258']","[1650030816.301, '86714']","[1650030846.301, '91048']","[1650030876.301, '96376']","[1650030906.301, '100149']","[1650030936.301, '107657']","[1650030966.301, '111925']","[1650030996.301, '116820']","[1650031026.301, '122210']",https-metrics,/kubepods/burstable/podca7edb30-1363-464a-b9e0-521e9077d2b8/119f84bf93e71597269fabc3735366e657eac404f0f0b5824c9c1f19d78da36f,docker.io/rancher/mirrored-pause:3.5,10.1.0.135:10250,cali875348b5cee,kubelet,/metrics/cadvisor,119f84bf93e71597269fabc3735366e657eac404f0f0b5824c9c1f19d78da36f,kube-system,fv-az241-934,calico-node-kjfvt,kubelet
container_network_receive_bytes_total,"[1650030636.301, '25759']","[1650030666.301, '49292']","[1650030696.301, '77834']","[1650030726.301, '101011']","[1650030756.301, '125093']","[1650030786.301, '148202']","[1650030816.301, '172416']","[1650030846.301, '194850']","[1650030876.301, '220161']","[1650030906.301, '240476']","[1650030936.301, '267990']","[1650030966.301, '291525']","[1650030996.301, '313546']","[1650031026.301, '338352']",https-metrics,/kubepods/burstable/podca7edb30-1363-464a-b9e0-521e9077d2b8/119f84bf93e71597269fabc3735366e657eac404f0f0b5824c9c1f19d78da36f,docker.io/rancher/mirrored-pause:3.5,10.1.0.135:10250,cali8bac6c0ff3f,kubelet,/metrics/cadvisor,119f84bf93e71597269fabc3735366e657eac404f0f0b5824c9c1f19d78da36f,kube-system,fv-az241-934,calico-node-kjfvt,kubelet
container_network_receive_bytes_total,"[1650030666.301, '2105']","[1650030696.301, '3616']","[1650030726.301, '4143']","[1650030756.301, '4209']","[1650030786.301, '4724']","[1650030816.301, '4790']","[1650030846.301, '5181']","[1650030876.301, '6219']","[1650030906.301, '6544']","[1650030936.301, '7373']","[1650030966.301, '8287']","[1650030996.301, '10245']","[1650031026.301, '10551']",https-metrics,/kubepods/burstable/podca7edb30-1363-464a-b9e0-521e9077d2b8/119f84bf93e71597269fabc3735366e657eac404f0f0b5824c9c1f19d78da36f,docker.io/rancher/mirrored-pause:3.5,10.1.0.135:10250,calib465774e6bc,kubelet,/metrics/cadvisor,119f84bf93e71597269fabc3735366e657eac404f0f0b5824c9c1f19d78da36f,kube-system,fv-az241-934,calico-node-kjfvt,kubelet
container_network_receive_bytes_total,"[1650030636.301, '6960']","[1650030666.301, '16649']","[1650030696.301, '30299']","[1650030726.301, '41055']","[1650030756.301, '53685']","[1650030786.301, '61610']","[1650030816.301, '74074']","[1650030846.301, '82040']","[1650030876.301, '94696']","[1650030906.301, '100291']","[1650030936.301, '113478']","[1650030966.301, '124033']","[1650030996.301, '134873']","[1650031026.301, '147617']",https-metrics,/kubepods/burstable/podca7edb30-1363-464a-b9e0-521e9077d2b8/119f84bf93e71597269fabc3735366e657eac404f0f0b5824c9c1f19d78da36f,docker.io/rancher/mirrored-pause:3.5,10.1.0.135:10250,calib62b31096bc,kubelet,/metrics/cadvisor,119f84bf93e71597269fabc3735366e657eac404f0f0b5824c9c1f19d78da36f,kube-system,fv-az241-934,calico-node-kjfvt,kubelet
container_network_receive_bytes_total,"[1650030636.301, '936']","[1650030666.301, '936']","[1650030696.301, '936']","[1650030726.301, '936']","[1650030756.301, '936']","[1650030786.301, '936']","[1650030816.301, '936']","[1650030846.301, '936']","[1650030876.301, '1006']","[1650030906.301, '1006']","[1650030936.301, '1006']","[1650030966.301, '1006']","[1650030996.301, '1006']","[1650031026.301, '1006']",https-metrics,/kubepods/burstable/podca7edb30-1363-464a-b9e0-521e9077d2b8/119f84bf93e71597269fabc3735366e657eac404f0f0b5824c9c1f19d78da36f,docker.io/rancher/mirrored-pause:3.5,10.1.0.135:10250,calic1116e23560,kubelet,/metrics/cadvisor,119f84bf93e71597269fabc3735366e657eac404f0f0b5824c9c1f19d78da36f,kube-system,fv-az241-934,calico-node-kjfvt,kubelet
container_network_receive_bytes_total,"[1650030636.301, '124352']","[1650030666.301, '782708']","[1650030696.301, '2045217']","[1650030726.301, '2678075']","[1650030756.301, '3309989']","[1650030786.301, '3955293']","[1650030816.301, '4586807']","[1650030846.301, '5217995']","[1650030876.301, '5850970']","[1650030906.301, '6171770']","[1650030936.301, '7137279']","[1650030966.301, '7786336']","[1650030996.301, '8420474']","[1650031026.301, '9054561']",https-metrics,/kubepods/burstable/podca7edb30-1363-464a-b9e0-521e9077d2b8/119f84bf93e71597269fabc3735366e657eac404f0f0b5824c9c1f19d78da36f,docker.io/rancher/mirrored-pause:3.5,10.1.0.135:10250,calid2fc53b9ec7,kubelet,/metrics/cadvisor,119f84bf93e71597269fabc3735366e657eac404f0f0b5824c9c1f19d78da36f,kube-system,fv-az241-934,calico-node-kjfvt,kubelet
container_network_receive_bytes_total,"[1650030636.301, '125310']","[1650030666.301, '184253']","[1650030696.301, '247369']","[1650030726.301, '303052']","[1650030756.301, '354578']","[1650030786.301, '404529']","[1650030816.301, '459190']","[1650030846.301, '508835']","[1650030876.301, '562601']","[1650030906.301, '606351']","[1650030936.301, '668627']","[1650030966.301, '719980']","[1650030996.301, '772820']","[1650031026.301, '828334']",https-metrics,/kubepods/burstable/podca7edb30-1363-464a-b9e0-521e9077d2b8/119f84bf93e71597269fabc3735366e657eac404f0f0b5824c9c1f19d78da36f,docker.io/rancher/mirrored-pause:3.5,10.1.0.135:10250,calid75abf4f5e0,kubelet,/metrics/cadvisor,119f84bf93e71597269fabc3735366e657eac404f0f0b5824c9c1f19d78da36f,kube-system,fv-az241-934,calico-node-kjfvt,kubelet
container_network_receive_bytes_total,"[1650030636.301, '269102']","[1650030666.301, '314764']","[1650030696.301, '363988']","[1650030726.301, '403341']","[1650030756.301, '444949']","[1650030786.301, '483981']","[1650030816.301, '525311']","[1650030846.301, '571294']","[1650030876.301, '596581']","[1650030906.301, '618697']","[1650030936.301, '646633']","[1650030966.301, '671046']","[1650030996.301, '692778']","[1650031026.301, '731377']",https-metrics,/kubepods/burstable/podca7edb30-1363-464a-b9e0-521e9077d2b8/119f84bf93e71597269fabc3735366e657eac404f0f0b5824c9c1f19d78da36f,docker.io/rancher/mirrored-pause:3.5,10.1.0.135:10250,calie385da95897,kubelet,/metrics/cadvisor,119f84bf93e71597269fabc3735366e657eac404f0f0b5824c9c1f19d78da36f,kube-system,fv-az241-934,calico-node-kjfvt,kubelet
container_network_receive_bytes_total,"[1650030636.301, '4867']","[1650030666.301, '14442']","[1650030696.301, '27982']","[1650030726.301, '37465']","[1650030756.301, '46790']","[1650030786.301, '56314']","[1650030816.301, '65901']","[1650030846.301, '75747']","[1650030876.301, '86763']","[1650030906.301, '92620']","[1650030936.301, '107692']","[1650030966.301, '118603']","[1650030996.301, '126732']","[1650031026.301, '139407']",https-metrics,/kubepods/burstable/podca7edb30-1363-464a-b9e0-521e9077d2b8/119f84bf93e71597269fabc3735366e657eac404f0f0b5824c9c1f19d78da36f,docker.io/rancher/mirrored-pause:3.5,10.1.0.135:10250,calif9b29645ac2,kubelet,/metrics/cadvisor,119f84bf93e71597269fabc3735366e657eac404f0f0b5824c9c1f19d78da36f,kube-system,fv-az241-934,calico-node-kjfvt,kubelet
container_network_receive_bytes_total,"[1650030636.301, '7532']","[1650030666.301, '17005']","[1650030696.301, '27175']","[1650030726.301, '37536']","[1650030756.301, '47973']","[1650030786.301, '58694']","[1650030816.301, '69118']","[1650030846.301, '79303']","[1650030876.301, '90120']","[1650030906.301, '100469']","[1650030936.301, '111492']","[1650030966.301, '122210']","[1650030996.301, '133006']","[1650031026.301, '144070']",https-metrics,/kubepods/burstable/podca7edb30-1363-464a-b9e0-521e9077d2b8/119f84bf93e71597269fabc3735366e657eac404f0f0b5824c9c1f19d78da36f,docker.io/rancher/mirrored-pause:3.5,10.1.0.135:10250,calife35b2d27da,kubelet,/metrics/cadvisor,119f84bf93e71597269fabc3735366e657eac404f0f0b5824c9c1f19d78da36f,kube-system,fv-az241-934,calico-node-kjfvt,kubelet
container_network_receive_bytes_total,"[1650030636.301, '1331438099']","[1650030666.301, '1331495114']","[1650030696.301, '1331525309']","[1650030726.301, '1331572228']","[1650030756.301, '1331591882']","[1650030786.301, '1331621971']","[1650030816.301, '1331641591']","[1650030846.301, '1331668175']","[1650030876.301, '1331695204']","[1650030906.301, '1331719046']","[1650030936.301, '1331844004']","[1650030966.301, '1331872582']","[1650030996.301, '1331890615']","[1650031026.301, '1412223692']",https-metrics,/kubepods/burstable/podca7edb30-1363-464a-b9e0-521e9077d2b8/119f84bf93e71597269fabc3735366e657eac404f0f0b5824c9c1f19d78da36f,docker.io/rancher/mirrored-pause:3.5,10.1.0.135:10250,eth0,kubelet,/metrics/cadvisor,119f84bf93e71597269fabc3735366e657eac404f0f0b5824c9c1f19d78da36f,kube-system,fv-az241-934,calico-node-kjfvt,kubelet
container_network_receive_bytes_total,"[1650030636.301, '0']","[1650030666.301, '0']","[1650030696.301, '0']","[1650030726.301, '0']","[1650030756.301, '0']","[1650030786.301, '0']","[1650030816.301, '0']","[1650030846.301, '0']","[1650030876.301, '0']","[1650030906.301, '0']","[1650030936.301, '0']","[1650030966.301, '0']","[1650030996.301, '0']","[1650031026.301, '0']",https-metrics,/kubepods/burstable/podca7edb30-1363-464a-b9e0-521e9077d2b8/119f84bf93e71597269fabc3735366e657eac404f0f0b5824c9c1f19d78da36f,docker.io/rancher/mirrored-pause:3.5,10.1.0.135:10250,tunl0,kubelet,/metrics/cadvisor,119f84bf93e71597269fabc3735366e657eac404f0f0b5824c9c1f19d78da36f,kube-system,fv-az241-934,calico-node-kjfvt,kubelet
container_network_receive_bytes_total,"[1650030636.301, '3985']","[1650030666.301, '7081']","[1650030696.301, '10354']","[1650030726.301, '13429']","[1650030756.301, '16311']","[1650030786.301, '18479']","[1650030816.301, '21931']","[1650030846.301, '24879']","[1650030876.301, '28020']","[1650030906.301, '31095']","[1650030936.301, '34566']","[1650030966.301, '37316']","[1650030996.301, '40716']","[1650031026.301, '43730']",https-metrics,/kubepods/pod10af5b88-c2a5-49d5-838d-72dcf05e2bf3/3b7174a3deb092c8bd1e04a61d6134ac7501c0e3d96811877371b3c73d78ab95,docker.io/rancher/mirrored-pause:3.5,10.1.0.135:10250,eth0,kubelet,/metrics/cadvisor,3b7174a3deb092c8bd1e04a61d6134ac7501c0e3d96811877371b3c73d78ab95,default,fv-az241-934,api-54b9c66577-v6xbm,kubelet
container_network_receive_bytes_total,"[1650030636.301, '0']","[1650030666.301, '0']","[1650030696.301, '0']","[1650030726.301, '0']","[1650030756.301, '0']","[1650030786.301, '0']","[1650030816.301, '0']","[1650030846.301, '0']","[1650030876.301, '0']","[1650030906.301, '0']","[1650030936.301, '0']","[1650030966.301, '0']","[1650030996.301, '0']","[1650031026.301, '0']",https-metrics,/kubepods/pod10af5b88-c2a5-49d5-838d-72dcf05e2bf3/3b7174a3deb092c8bd1e04a61d6134ac7501c0e3d96811877371b3c73d78ab95,docker.io/rancher/mirrored-pause:3.5,10.1.0.135:10250,tunl0,kubelet,/metrics/cadvisor,3b7174a3deb092c8bd1e04a61d6134ac7501c0e3d96811877371b3c73d78ab95,default,fv-az241-934,api-54b9c66577-v6xbm,kubelet
container_network_receive_bytes_total,"[1650030636.301, '4169']","[1650030666.301, '7847']","[1650030696.301, '11060']","[1650030726.301, '13948']","[1650030756.301, '16704']","[1650030786.301, '19592']","[1650030816.301, '22787']","[1650030846.301, '24665']","[1650030876.301, '28317']","[1650030906.301, '31205']","[1650030936.301, '34225']","[1650030966.301, '36867']","[1650030996.301, '40765']","[1650031026.301, '43587']",https-metrics,/kubepods/pod27a5ae6b-f820-4e45-ba2b-25dd1e0ff1dd/3428bd3fa1a4261ff924fff2b75f80257786aea4b47d4fbb2665e5b5c40e1169,docker.io/rancher/mirrored-pause:3.5,10.1.0.135:10250,eth0,kubelet,/metrics/cadvisor,3428bd3fa1a4261ff924fff2b75f80257786aea4b47d4fbb2665e5b5c40e1169,default,fv-az241-934,api-54b9c66577-mpcfm,kubelet
container_network_receive_bytes_total,"[1650030636.301, '0']","[1650030666.301, '0']","[1650030696.301, '0']","[1650030726.301, '0']","[1650030756.301, '0']","[1650030786.301, '0']","[1650030816.301, '0']","[1650030846.301, '0']","[1650030876.301, '0']","[1650030906.301, '0']","[1650030936.301, '0']","[1650030966.301, '0']","[1650030996.301, '0']","[1650031026.301, '0']",https-metrics,/kubepods/pod27a5ae6b-f820-4e45-ba2b-25dd1e0ff1dd/3428bd3fa1a4261ff924fff2b75f80257786aea4b47d4fbb2665e5b5c40e1169,docker.io/rancher/mirrored-pause:3.5,10.1.0.135:10250,tunl0,kubelet,/metrics/cadvisor,3428bd3fa1a4261ff924fff2b75f80257786aea4b47d4fbb2665e5b5c40e1169,default,fv-az241-934,api-54b9c66577-mpcfm,kubelet
container_network_receive_bytes_total,"[1650030636.301, '3971']","[1650030666.301, '6933']","[1650030696.301, '9689']","[1650030726.301, '11584']","[1650030756.301, '14406']","[1650030786.301, '16970']","[1650030816.301, '20309']","[1650030846.301, '22939']","[1650030876.301, '25881']","[1650030906.301, '28637']","[1650030936.301, '31393']","[1650030966.301, '34991']","[1650030996.301, '37879']","[1650031026.301, '40635']",https-metrics,/kubepods/pod66d32022-35ee-48d9-9ed9-21d358a60d51/31fb343f05506b7c4655f02dc4b7aaa1aa890c08f8d430ad8bfed53e862480f5,docker.io/rancher/mirrored-pause:3.5,10.1.0.135:10250,eth0,kubelet,/metrics/cadvisor,31fb343f05506b7c4655f02dc4b7aaa1aa890c08f8d430ad8bfed53e862480f5,default,fv-az241-934,api-54b9c66577-dn7ws,kubelet
container_network_receive_bytes_total,"[1650030636.301, '0']","[1650030666.301, '0']","[1650030696.301, '0']","[1650030726.301, '0']","[1650030756.301, '0']","[1650030786.301, '0']","[1650030816.301, '0']","[1650030846.301, '0']","[1650030876.301, '0']","[1650030906.301, '0']","[1650030936.301, '0']","[1650030966.301, '0']","[1650030996.301, '0']","[1650031026.301, '0']",https-metrics,/kubepods/pod66d32022-35ee-48d9-9ed9-21d358a60d51/31fb343f05506b7c4655f02dc4b7aaa1aa890c08f8d430ad8bfed53e862480f5,docker.io/rancher/mirrored-pause:3.5,10.1.0.135:10250,tunl0,kubelet,/metrics/cadvisor,31fb343f05506b7c4655f02dc4b7aaa1aa890c08f8d430ad8bfed53e862480f5,default,fv-az241-934,api-54b9c66577-dn7ws,kubelet
